source	offset_hex	path	confidence
binary_strings_and_symbols	0x14ba10d	/.well-known/oauth-authorization-server	source_or_exact_string
binary_strings_and_symbols	0x14ba10d	/.well-known/oauth-authorization-serverstatic/img/tech-icons/elasticsearch.svgstatic/js/chunk-vendors.a21e19d4.js.mapexpected	binary_string_candidate
binary_strings_and_symbols	0x14b8291	/.well-known/oauth-protected-resource	source_or_exact_string
binary_strings_and_symbols	0x14ad88a	/.well-known/openid-configurationoidc:	binary_string_candidate
binary_strings_and_symbols	0x1092f9f	/api	binary_string_candidate
binary_strings_and_symbols	0x2e431fb	/api/ai.go	binary_string_candidate
binary_strings_and_symbols	0x2e3fd30	/api/api.go	binary_string_candidate
binary_strings_and_symbols	0x2e3fdf3	/api/auth.go	binary_string_candidate
binary_strings_and_symbols	0x14a96c5	/api/clickhouse-config	source_or_exact_string
binary_strings_and_symbols	0x14d8dd0	/api/clickhouse-connect	source_or_exact_string
binary_strings_and_symbols	0x149ce63	/api/clickhouse-connectbytes	binary_string_candidate
binary_strings_and_symbols	0x2e3fe2c	/api/clickhouse.go	binary_string_candidate
binary_strings_and_symbols	0x2e3fe6b	/api/cloud.go	binary_string_candidate
binary_strings_and_symbols	0x2e3fea5	/api/ctx.go	binary_string_candidate
binary_strings_and_symbols	0x24f3ff3	/api/document/preview/911952	binary_string_candidate
binary_strings_and_symbols	0x10a799e	/api/forms	binary_string_candidate
binary_strings_and_symbols	0x3bde37d	/api/forms..inittask	binary_string_candidate
binary_strings_and_symbols	0x3bde431	/api/forms..stmp_0	binary_string_candidate
binary_strings_and_symbols	0x3bde406	/api/forms.email	binary_string_candidate
binary_strings_and_symbols	0x2e43222	/api/forms.go	binary_string_candidate
binary_strings_and_symbols	0x2c0c1f0	/api/forms.init	binary_string_candidate
binary_strings_and_symbols	0x3bde3dc	/api/forms.slug	binary_string_candidate
binary_strings_and_symbols	0x2c0d0d6	/api/forms.test	binary_string_candidate
binary_strings_and_symbols	0x2c0c3da	/api/forms.validate	binary_string_candidate
binary_strings_and_symbols	0x2e35e46	/api/forms/auth.go	binary_string_candidate
binary_strings_and_symbols	0x2e35e06	/api/forms/forms.go	binary_string_candidate
binary_strings_and_symbols	0x19a4421	/api/getting-started	binary_string_candidate
binary_strings_and_symbols	0x26f6a8c	/api/http.html	binary_string_candidate
binary_strings_and_symbols	0x10d8eca	/api/httpbody	binary_string_candidate
binary_strings_and_symbols	0x3c165bd	/api/httpbody..inittask	binary_string_candidate
binary_strings_and_symbols	0x3c16871	/api/httpbody..stmp_0	binary_string_candidate
binary_strings_and_symbols	0x3c168ac	/api/httpbody..stmp_1	binary_string_candidate
binary_strings_and_symbols	0x3c168e7	/api/httpbody..stmp_2	binary_string_candidate
binary_strings_and_symbols	0x3c16817	/api/httpbody.file_google_api_httpbody_proto_dep	binary_string_candidate
binary_strings_and_symbols	0x3c167bd	/api/httpbody.file_google_api_httpbody_proto_go	binary_string_candidate
binary_strings_and_symbols	0x2c50082	/api/httpbody.file_google_api_httpbody_proto_init	binary_string_candidate
binary_strings_and_symbols	0x3c16762	/api/httpbody.file_google_api_httpbody_proto_msg	binary_string_candidate
binary_strings_and_symbols	0x2c4ffea	/api/httpbody.file_google_api_httpbody_proto_raw	binary_string_candidate
binary_strings_and_symbols	0x2c4fd63	/api/httpbody.init	binary_string_candidate
binary_strings_and_symbols	0x2c50048	/api/httpbody.init.0	binary_string_candidate
binary_strings_and_symbols	0x3673142	/api/httpbody.proto	binary_string_candidate
binary_strings_and_symbols	0x2e3fedd	/api/mcp.go	binary_string_candidate
binary_strings_and_symbols	0x2e3ff15	/api/mcp_oauth.go	binary_string_candidate
binary_strings_and_symbols	0x2e4324c	/api/oidc.go	binary_string_candidate
binary_strings_and_symbols	0x2760562	/api/packages.html	binary_string_candidate
binary_strings_and_symbols	0x148c925	/api/project	binary_string_candidate
binary_strings_and_symbols	0x14c4ef7	/api/project/{project}/alerting-rules/export/api/project/{project}/alerting-rules/{rule}/api/project/{project}/prom/api/v1/{rest:.+}http:	binary_string_candidate
binary_strings_and_symbols	0x14b5f87	/api/project/{project}/alerts/reopen/api/project/{project}/app/{app}/rcainvalid	binary_string_candidate
binary_strings_and_symbols	0x149b117	/api/project/{project}/api/clickhouse-config	binary_string_candidate
binary_strings_and_symbols	0x14d561c	/api/project/{project}/app/{app}/inspection/{type}/configtried	binary_string_candidate
binary_strings_and_symbols	0x14d331f	/api/project/{project}/app/{app}/instrumentation/{type}net/http:	binary_string_candidate
binary_strings_and_symbols	0x14ba10d	/api/project/{project}/app/{app}/tracingio	binary_string_candidate
binary_strings_and_symbols	0x14c2b68	/api/project/{project}/custom_cloud_pricing	source_or_exact_string
binary_strings_and_symbols	0x14c6943	/api/project/{project}/dashboards/{dashboard}/api/project/{project}/application_categoriestried	binary_string_candidate
binary_strings_and_symbols	0x14ad88a	/api/project/{project}/incidents/api/project/{project}/app/{app}/api/v1/label/{label	binary_string_candidate
binary_strings_and_symbols	0x14b3471	/api/project/{project}/inspections/api/project/{project}/node/{node}global	binary_string_candidate
binary_strings_and_symbols	0x14bf340	/api/project/{project}/overview/anomaliesstatic/img/tech-icons/victoriametrics.svgbytes	binary_string_candidate
binary_strings_and_symbols	0x14ba10d	/api/project/{project}/overview/{view}/api/project/{project}/alerts/suppress/api/project/{project}/app/{app}/risksstatic/img/tech-icons/foundationdb.svgnewline	binary_string_candidate
binary_strings_and_symbols	0x2e3ff94	/api/prometheus.go	binary_string_candidate
binary_strings_and_symbols	0x2e3ffd3	/api/rca.go	binary_string_candidate
binary_strings_and_symbols	0x2e43261	/api/rca_dump.go	binary_string_candidate
binary_strings_and_symbols	0x2e4327a	/api/saml.go	binary_string_candidate
binary_strings_and_symbols	0x149ce63	/api/slack	binary_string_candidate
binary_strings_and_symbols	0x2720474	/api/sql/index.html	binary_string_candidate
binary_strings_and_symbols	0x148dda7	/api/sso-login	source_or_exact_string
binary_strings_and_symbols	0x148dda7	/api/sso-login/api/v1/series	binary_string_candidate
binary_strings_and_symbols	0x148f166	/api/sso-status/oauth/registerstatic/icon.svgstatic/logo.svgnot	binary_string_candidate
binary_strings_and_symbols	0x2e4328f	/api/sso.go	binary_string_candidate
binary_strings_and_symbols	0x2e4000b	/api/url.go	binary_string_candidate
binary_strings_and_symbols	0x14c565c	/api/users.admin	binary_string_candidate
binary_strings_and_symbols	0x19be650	/api/v1	binary_string_candidate
binary_strings_and_symbols	0x148edd7	/api/v1/label/document	binary_string_candidate
binary_strings_and_symbols	0x1496197	/api/v1/query_range./static/index.htmlreflect	binary_string_candidate
binary_strings_and_symbols	0x148c925	/api/v1/write	binary_string_candidate
binary_strings_and_symbols	0x2c8d796	/api/views	binary_string_candidate
binary_strings_and_symbols	0x3bde48a	/api/views..stmp_0	binary_string_candidate
binary_strings_and_symbols	0x10baf33	/api/views/alert	binary_string_candidate
binary_strings_and_symbols	0x3c6100d	/api/views/alert..stmp_0	binary_string_candidate
binary_strings_and_symbols	0x3c6103e	/api/views/alert..stmp_2	binary_string_candidate
binary_strings_and_symbols	0x3c6106f	/api/views/alert..stmp_3	binary_string_candidate
binary_strings_and_symbols	0x2c0d7a7	/api/views/alert.alert	binary_string_candidate
binary_strings_and_symbols	0x2c0d71f	/api/views/alert.kubernetes	binary_string_candidate
binary_strings_and_symbols	0x2c0d6e4	/api/views/alert.log	binary_string_candidate
binary_strings_and_symbols	0x2c0d815	/api/views/alert.render	binary_string_candidate
binary_strings_and_symbols	0x2e35e85	/api/views/alert/alert.go	binary_string_candidate
binary_strings_and_symbols	0x10cd289	/api/views/application	binary_string_candidate
binary_strings_and_symbols	0x2e35ecb	/api/views/application/application.go	binary_string_candidate
binary_strings_and_symbols	0x10cfefb	/api/views/applications	binary_string_candidate
binary_strings_and_symbols	0x2e35f1d	/api/views/applications/custom_applications.go	binary_string_candidate
binary_strings_and_symbols	0x10b5245	/api/views/aws	binary_string_candidate
binary_strings_and_symbols	0x2e35f78	/api/views/aws/aws.go	binary_string_candidate
binary_strings_and_symbols	0x10ca63a	/api/views/dashboards	binary_string_candidate
binary_strings_and_symbols	0x2e35fba	/api/views/dashboards/dashboards.go	binary_string_candidate
binary_strings_and_symbols	0x2e3600a	/api/views/dashboards/panel.go	binary_string_candidate
binary_strings_and_symbols	0x10c41be	/api/views/incident	binary_string_candidate
binary_strings_and_symbols	0x2c0df50	/api/views/incident.incident	binary_string_candidate
binary_strings_and_symbols	0x2c0dee2	/api/views/incident.render	binary_string_candidate
binary_strings_and_symbols	0x2e36055	/api/views/incident/incident.go	binary_string_candidate
binary_strings_and_symbols	0x10cd2b9	/api/views/inspections	binary_string_candidate
binary_strings_and_symbols	0x3c610a0	/api/views/inspections..stmp_0	binary_string_candidate
binary_strings_and_symbols	0x2e360a1	/api/views/inspections/inspections.go	binary_string_candidate
binary_strings_and_symbols	0x10b7f41	/api/views/logs	binary_string_candidate
binary_strings_and_symbols	0x2c0e53a	/api/views/logs.render	binary_string_candidate
binary_strings_and_symbols	0x2e360f3	/api/views/logs/logs.go	binary_string_candidate
binary_strings_and_symbols	0x10c3273	/api/views/overview	binary_string_candidate
binary_strings_and_symbols	0x3bdfe34	/api/views/overview..inittask	binary_string_candidate
binary_strings_and_symbols	0x3c31709	/api/views/overview..stmp_0	binary_string_candidate
binary_strings_and_symbols	0x3c317a5	/api/views/overview..stmp_10	binary_string_candidate
binary_strings_and_symbols	0x3c317da	/api/views/overview..stmp_11	binary_string_candidate
binary_strings_and_symbols	0x3c3173d	/api/views/overview..stmp_7	binary_string_candidate
binary_strings_and_symbols	0x3c31771	/api/views/overview..stmp_8	binary_string_candidate
binary_strings_and_symbols	0x2c0f68a	/api/views/overview.add	binary_string_candidate
binary_strings_and_symbols	0x2c0e7f5	/api/views/overview.argo	binary_string_candidate
binary_strings_and_symbols	0x2c0f452	/api/views/overview.availability	binary_string_candidate
binary_strings_and_symbols	0x2c0e73f	/api/views/overview.calc	binary_string_candidate
binary_strings_and_symbols	0x2c0ffad	/api/views/overview.connection	binary_string_candidate
binary_strings_and_symbols	0x2c0f4cd	/api/views/overview.db	binary_string_candidate
binary_strings_and_symbols	0x2c0ee9b	/api/views/overview.flux	binary_string_candidate
binary_strings_and_symbols	0x2c0e68d	/api/views/overview.format	binary_string_candidate
binary_strings_and_symbols	0x2c0e7b6	/api/views/overview.get	binary_string_candidate
binary_strings_and_symbols	0x2c0fcde	/api/views/overview.hist	binary_string_candidate
binary_strings_and_symbols	0x2c0e61d	/api/views/overview.init	binary_string_candidate
binary_strings_and_symbols	0x2c0e70c	/api/views/overview.init.0	binary_string_candidate
binary_strings_and_symbols	0x2c0feb6	/api/views/overview.instance	binary_string_candidate
binary_strings_and_symbols	0x2c0ff33	/api/views/overview.key	binary_string_candidate
binary_strings_and_symbols	0x3a03eb3	/api/views/overview.key.1	binary_string_candidate
binary_strings_and_symbols	0x2c0ecea	/api/views/overview.monthly	binary_string_candidate
binary_strings_and_symbols	0x2c0f60d	/api/views/overview.parse	binary_string_candidate
binary_strings_and_symbols	0x2c0e781	/api/views/overview.quantile	binary_string_candidate
binary_strings_and_symbols	0x2c0e64e	/api/views/overview.render	binary_string_candidate
binary_strings_and_symbols	0x2c0ead6	/api/views/overview.resource	binary_string_candidate
binary_strings_and_symbols	0x2c0f79e	/api/views/overview.span	binary_string_candidate
binary_strings_and_symbols	0x2c0ffad	/api/views/overview.status	binary_string_candidate
binary_strings_and_symbols	0x2c0ea23	/api/views/overview.top	binary_string_candidate
binary_strings_and_symbols	0x2e36181	/api/views/overview/applications.go	binary_string_candidate
binary_strings_and_symbols	0x2e36137	/api/views/overview/argocd.go	binary_string_candidate
binary_strings_and_symbols	0x2e361d1	/api/views/overview/costs.go	binary_string_candidate
binary_strings_and_symbols	0x2e36263	/api/views/overview/deployments.go	binary_string_candidate
binary_strings_and_symbols	0x2e362b2	/api/views/overview/fluxcd.go	binary_string_candidate
binary_strings_and_symbols	0x2e362fc	/api/views/overview/logs.go	binary_string_candidate
binary_strings_and_symbols	0x2e36344	/api/views/overview/nodes.go	binary_string_candidate
binary_strings_and_symbols	0x2e3638d	/api/views/overview/overview.go	binary_string_candidate
binary_strings_and_symbols	0x2e363d9	/api/views/overview/risks.go	binary_string_candidate
binary_strings_and_symbols	0x2e36422	/api/views/overview/service_map.go	binary_string_candidate
binary_strings_and_symbols	0x2e36471	/api/views/overview/traces.go	binary_string_candidate
binary_strings_and_symbols	0x2e3621a	/api/views/overview/types.go	binary_string_candidate
binary_strings_and_symbols	0x10c740b	/api/views/profiling	binary_string_candidate
binary_strings_and_symbols	0x3c610d7	/api/views/profiling..stmp_0	binary_string_candidate
binary_strings_and_symbols	0x2c10334	/api/views/profiling.get	binary_string_candidate
binary_strings_and_symbols	0x2e364bb	/api/views/profiling/profiling.go	binary_string_candidate
binary_strings_and_symbols	0x10baf5d	/api/views/roles	binary_string_candidate
binary_strings_and_symbols	0x2e36509	/api/views/roles/roles.go	binary_string_candidate
binary_strings_and_symbols	0x10c13eb	/api/views/tracing	binary_string_candidate
binary_strings_and_symbols	0x3c6110c	/api/views/tracing..stmp_0	binary_string_candidate
binary_strings_and_symbols	0x3c6113f	/api/views/tracing..stmp_1	binary_string_candidate
binary_strings_and_symbols	0x3c61172	/api/views/tracing..stmp_3	binary_string_candidate
binary_strings_and_symbols	0x2c1086e	/api/views/tracing.get	binary_string_candidate
binary_strings_and_symbols	0x2c10cf1	/api/views/tracing.span	binary_string_candidate
binary_strings_and_symbols	0x2e3654f	/api/views/tracing/tracing.go	binary_string_candidate
binary_strings_and_symbols	0x10baf87	/api/views/users	binary_string_candidate
binary_strings_and_symbols	0x2e36599	/api/views/users/users.go	binary_string_candidate
binary_strings_and_symbols	0x2e3fd68	/api/views/views.go	binary_string_candidate
binary_strings_and_symbols	0x10561a5	/debug	binary_string_candidate
binary_strings_and_symbols	0x14fdeb8	/debug/events	binary_string_candidate
binary_strings_and_symbols	0x148dda7	/debug/eventsnamespace-uribash_20241022bash_20250124allowed_toolsfile_citationfunction_calltranscriptioncomputer_calloutput_formatempty	binary_string_candidate
binary_strings_and_symbols	0x2e298ef	/debug/garbage.go	binary_string_candidate
binary_strings_and_symbols	0x2e2991a	/debug/mod.go	binary_string_candidate
binary_strings_and_symbols	0x148c925	/debug/pprof	binary_string_candidate
binary_strings_and_symbols	0x149831c	/debug/pprof/cmdline/debug/pprof/profilereading	binary_string_candidate
binary_strings_and_symbols	0x14965b6	/debug/pprof/symbol	binary_string_candidate
binary_strings_and_symbols	0x1493f0e	/debug/pprof/tracecannot	binary_string_candidate
binary_strings_and_symbols	0x1490989	/debug/requests	binary_string_candidate
binary_strings_and_symbols	0x2e29941	/debug/stack.go	binary_string_candidate
binary_strings_and_symbols	0x148aca7	/debug/vars	binary_string_candidate
binary_strings_and_symbols	0x1490989	/debug/varsspeed	binary_string_candidate
binary_strings_and_symbols	0x1483d3c	/health/api/ai	binary_string_candidate
binary_strings_and_symbols	0x10c86bb	/health/grpc_health_v1	binary_string_candidate
binary_strings_and_symbols	0x3c16922	/health/grpc_health_v1..inittask	binary_string_candidate
binary_strings_and_symbols	0x3c16cb5	/health/grpc_health_v1..stmp_0	binary_string_candidate
binary_strings_and_symbols	0x3c16cea	/health/grpc_health_v1..stmp_1	binary_string_candidate
binary_strings_and_symbols	0x3c16d1f	/health/grpc_health_v1..stmp_2	binary_string_candidate
binary_strings_and_symbols	0x3c16d54	/health/grpc_health_v1..stmp_3	binary_string_candidate
binary_strings_and_symbols	0x3c94749	/health/grpc_health_v1..stmp_8	binary_string_candidate
binary_strings_and_symbols	0x3c16c5f	/health/grpc_health_v1.file_grpc_health_v1_health_proto_dep	binary_string_candidate
binary_strings_and_symbols	0x3c16b5a	/health/grpc_health_v1.file_grpc_health_v1_health_proto_enum	binary_string_candidate
binary_strings_and_symbols	0x3c16c09	/health/grpc_health_v1.file_grpc_health_v1_health_proto_go	binary_string_candidate
binary_strings_and_symbols	0x2c507ac	/health/grpc_health_v1.file_grpc_health_v1_health_proto_init	binary_string_candidate
binary_strings_and_symbols	0x3c16bb2	/health/grpc_health_v1.file_grpc_health_v1_health_proto_msg	binary_string_candidate
binary_strings_and_symbols	0x2c5071e	/health/grpc_health_v1.file_grpc_health_v1_health_proto_raw	binary_string_candidate
binary_strings_and_symbols	0x2c5013d	/health/grpc_health_v1.init	binary_string_candidate
binary_strings_and_symbols	0x2c50778	/health/grpc_health_v1.init.0	binary_string_candidate
binary_strings_and_symbols	0x2e3d182	/health/grpc_health_v1/health.pb.go	binary_string_candidate
binary_strings_and_symbols	0x3676362	/health/v1/health.proto	binary_string_candidate
binary_strings_and_symbols	0x109e54d	/mcp	source_or_exact_string
binary_strings_and_symbols	0x2e3f4e2	/mcp/errors.go	binary_string_candidate
binary_strings_and_symbols	0x2e3f520	/mcp/prompts.go	binary_string_candidate
binary_strings_and_symbols	0x2e3f55f	/mcp/tasks.go	binary_string_candidate
binary_strings_and_symbols	0x2e3f59c	/mcp/tools.go	binary_string_candidate
binary_strings_and_symbols	0x2e3f4a5	/mcp/types.go	binary_string_candidate
binary_strings_and_symbols	0x2e3f5d9	/mcp/utils.go	binary_string_candidate
binary_strings_and_symbols	0x1070671	/oauth	binary_string_candidate
binary_strings_and_symbols	0x1490989	/oauth/authorize	source_or_exact_string
binary_strings_and_symbols	0x1490989	/oauth/authorize/api/v1/metadatano	binary_string_candidate
binary_strings_and_symbols	0x148f166	/oauth/register	source_or_exact_string
binary_strings_and_symbols	0x148c925	/oauth/revoke	source_or_exact_string
binary_strings_and_symbols	0x148b203	/oauth/token	source_or_exact_string
binary_strings_and_symbols	0x1a00011	/sso	binary_string_candidate
binary_strings_and_symbols	0x1486eae	/sso/oidc	source_or_exact_string
binary_strings_and_symbols	0x1a00011	/sso/saml	source_or_exact_string
binary_strings_and_symbols	0x1486eae	/sso/saml/sso/oidc/api/user	binary_string_candidate
binary_strings_and_symbols	0x10959cf	/stats	source_or_exact_string
binary_strings_and_symbols	0x2e3ae57	/stats/metricregistry.go	binary_string_candidate
binary_strings_and_symbols	0x2e3aea7	/stats/metrics.go	binary_string_candidate
binary_strings_and_symbols	0x2e3b837	/stats/metrics_recorder_list.go	binary_string_candidate
binary_strings_and_symbols	0x2e35988	/stats/query_stats.go	binary_string_candidate
binary_strings_and_symbols	0x2e3b7fd	/stats/stats.go	binary_string_candidate
binary_strings_and_symbols	0x2e359d8	/stats/timer.go	binary_string_candidate
binary_strings_and_symbols	0x10b59c5	/v1	binary_string_candidate
binary_strings_and_symbols	0x3685162	/v1/binarylog.proto	binary_string_candidate
binary_strings_and_symbols	0x2e3cf89	/v1/common.pb.go	binary_string_candidate
binary_strings_and_symbols	0x3674212	/v1/common.proto	binary_string_candidate
binary_strings_and_symbols	0x2a4806e	/v1/gonum	binary_string_candidate
binary_strings_and_symbols	0x10837d2	/v1/gonum/blas	binary_string_candidate
binary_strings_and_symbols	0x109d3e9	/v1/gonum/blas/blas64	binary_string_candidate
binary_strings_and_symbols	0x3c1b756	/v1/gonum/blas/blas64..stmp_0	binary_string_candidate
binary_strings_and_symbols	0x3c98395	/v1/gonum/blas/blas64..stmp_11	binary_string_candidate
binary_strings_and_symbols	0x3c983bd	/v1/gonum/blas/blas64..stmp_12	binary_string_candidate
binary_strings_and_symbols	0x3c983e5	/v1/gonum/blas/blas64..stmp_16	binary_string_candidate
binary_strings_and_symbols	0x3c9840d	/v1/gonum/blas/blas64..stmp_17	binary_string_candidate
binary_strings_and_symbols	0x3c98435	/v1/gonum/blas/blas64..stmp_18	binary_string_candidate
binary_strings_and_symbols	0x3c9845d	/v1/gonum/blas/blas64..stmp_24	binary_string_candidate
binary_strings_and_symbols	0x3c98485	/v1/gonum/blas/blas64..stmp_25	binary_string_candidate
binary_strings_and_symbols	0x3c984ad	/v1/gonum/blas/blas64..stmp_26	binary_string_candidate
binary_strings_and_symbols	0x3c1b730	/v1/gonum/blas/blas64.blas64	binary_string_candidate
binary_strings_and_symbols	0x2c15906	/v1/gonum/blas/blas64.max	binary_string_candidate
binary_strings_and_symbols	0x2c15929	/v1/gonum/blas/blas64.min	binary_string_candidate
binary_strings_and_symbols	0x10a3e3f	/v1/gonum/blas/cblas128	binary_string_candidate
binary_strings_and_symbols	0x3c9852e	/v1/gonum/blas/cblas128..stmp_11	binary_string_candidate
binary_strings_and_symbols	0x3c98558	/v1/gonum/blas/cblas128..stmp_12	binary_string_candidate
binary_strings_and_symbols	0x1099c2a	/v1/gonum/blas/gonum	binary_string_candidate
binary_strings_and_symbols	0x3c98e76	/v1/gonum/blas/gonum..stmp_0	binary_string_candidate
binary_strings_and_symbols	0x3c98f80	/v1/gonum/blas/gonum..stmp_10	binary_string_candidate
binary_strings_and_symbols	0x3c98fa7	/v1/gonum/blas/gonum..stmp_12	binary_string_candidate
binary_strings_and_symbols	0x3c99091	/v1/gonum/blas/gonum..stmp_131	binary_string_candidate
binary_strings_and_symbols	0x3c98fce	/v1/gonum/blas/gonum..stmp_14	binary_string_candidate
binary_strings_and_symbols	0x3c98ff5	/v1/gonum/blas/gonum..stmp_18	binary_string_candidate
binary_strings_and_symbols	0x3c9901c	/v1/gonum/blas/gonum..stmp_19	binary_string_candidate
binary_strings_and_symbols	0x3c98e9c	/v1/gonum/blas/gonum..stmp_2	binary_string_candidate
binary_strings_and_symbols	0x3c990b9	/v1/gonum/blas/gonum..stmp_214	binary_string_candidate
binary_strings_and_symbols	0x3c990e1	/v1/gonum/blas/gonum..stmp_215	binary_string_candidate
binary_strings_and_symbols	0x3c99109	/v1/gonum/blas/gonum..stmp_247	binary_string_candidate
binary_strings_and_symbols	0x3c99043	/v1/gonum/blas/gonum..stmp_28	binary_string_candidate
binary_strings_and_symbols	0x3c99131	/v1/gonum/blas/gonum..stmp_282	binary_string_candidate
binary_strings_and_symbols	0x3c99159	/v1/gonum/blas/gonum..stmp_299	binary_string_candidate
binary_strings_and_symbols	0x3c98ec2	/v1/gonum/blas/gonum..stmp_3	binary_string_candidate
binary_strings_and_symbols	0x3c9906a	/v1/gonum/blas/gonum..stmp_31	binary_string_candidate
binary_strings_and_symbols	0x3c98ee8	/v1/gonum/blas/gonum..stmp_4	binary_string_candidate
binary_strings_and_symbols	0x3c98f0e	/v1/gonum/blas/gonum..stmp_5	binary_string_candidate
binary_strings_and_symbols	0x3c98f34	/v1/gonum/blas/gonum..stmp_7	binary_string_candidate
binary_strings_and_symbols	0x3c99181	/v1/gonum/blas/gonum..stmp_742	binary_string_candidate
binary_strings_and_symbols	0x3c98f5a	/v1/gonum/blas/gonum..stmp_9	binary_string_candidate
binary_strings_and_symbols	0x2c114aa	/v1/gonum/blas/gonum.blocks	binary_string_candidate
binary_strings_and_symbols	0x2c116f0	/v1/gonum/blas/gonum.dcabs1	binary_string_candidate
binary_strings_and_symbols	0x2c1147e	/v1/gonum/blas/gonum.dgemm	binary_string_candidate
binary_strings_and_symbols	0x2c1145c	/v1/gonum/blas/gonum.max	binary_string_candidate
binary_strings_and_symbols	0x2c12405	/v1/gonum/blas/gonum.min	binary_string_candidate
binary_strings_and_symbols	0x2c11a8f	/v1/gonum/blas/gonum.scabs1	binary_string_candidate
binary_strings_and_symbols	0x2c13779	/v1/gonum/blas/gonum.sgemm	binary_string_candidate
binary_strings_and_symbols	0x2c11535	/v1/gonum/blas/gonum.slice	binary_string_candidate
binary_strings_and_symbols	0x2c1c164	/v1/gonum/floats	binary_string_candidate
binary_strings_and_symbols	0x2c117b0	/v1/gonum/internal/asm/c128	binary_string_candidate
binary_strings_and_symbols	0x2c11b4f	/v1/gonum/internal/asm/c64	binary_string_candidate
binary_strings_and_symbols	0x2c11c6d	/v1/gonum/internal/asm/c64.conj	binary_string_candidate
binary_strings_and_symbols	0x2c111e2	/v1/gonum/internal/asm/f32	binary_string_candidate
binary_strings_and_symbols	0x2c10e13	/v1/gonum/internal/asm/f64	binary_string_candidate
binary_strings_and_symbols	0x2c12798	/v1/gonum/internal/cmplx64	binary_string_candidate
binary_strings_and_symbols	0x2c110a1	/v1/gonum/internal/math32	binary_string_candidate
binary_strings_and_symbols	0x108b6f0	/v1/gonum/lapack	binary_string_candidate
binary_strings_and_symbols	0x10a0944	/v1/gonum/lapack/gonum	binary_string_candidate
binary_strings_and_symbols	0x3c994c1	/v1/gonum/lapack/gonum..stmp_0	binary_string_candidate
binary_strings_and_symbols	0x3c994e9	/v1/gonum/lapack/gonum..stmp_1	binary_string_candidate
binary_strings_and_symbols	0x3c99651	/v1/gonum/lapack/gonum..stmp_10	binary_string_candidate
binary_strings_and_symbols	0x3c9aecc	/v1/gonum/lapack/gonum..stmp_1001	binary_string_candidate
binary_strings_and_symbols	0x3c9aef7	/v1/gonum/lapack/gonum..stmp_1004	binary_string_candidate
binary_strings_and_symbols	0x3c9af22	/v1/gonum/lapack/gonum..stmp_1010	binary_string_candidate
binary_strings_and_symbols	0x3c9af4d	/v1/gonum/lapack/gonum..stmp_1011	binary_string_candidate
binary_strings_and_symbols	0x3c9af78	/v1/gonum/lapack/gonum..stmp_1016	binary_string_candidate
binary_strings_and_symbols	0x3c9afa3	/v1/gonum/lapack/gonum..stmp_1020	binary_string_candidate
binary_strings_and_symbols	0x3c9afce	/v1/gonum/lapack/gonum..stmp_1021	binary_string_candidate
binary_strings_and_symbols	0x3c99b9a	/v1/gonum/lapack/gonum..stmp_103	binary_string_candidate
binary_strings_and_symbols	0x3c9aff9	/v1/gonum/lapack/gonum..stmp_1052	binary_string_candidate
binary_strings_and_symbols	0x3c9b024	/v1/gonum/lapack/gonum..stmp_1053	binary_string_candidate
binary_strings_and_symbols	0x3c9967a	/v1/gonum/lapack/gonum..stmp_11	binary_string_candidate
binary_strings_and_symbols	0x3c99bc4	/v1/gonum/lapack/gonum..stmp_116	binary_string_candidate
binary_strings_and_symbols	0x3c99bee	/v1/gonum/lapack/gonum..stmp_118	binary_string_candidate
binary_strings_and_symbols	0x3c996a3	/v1/gonum/lapack/gonum..stmp_12	binary_string_candidate
binary_strings_and_symbols	0x3c996cc	/v1/gonum/lapack/gonum..stmp_13	binary_string_candidate
binary_strings_and_symbols	0x3c996f5	/v1/gonum/lapack/gonum..stmp_14	binary_string_candidate
binary_strings_and_symbols	0x3c99c18	/v1/gonum/lapack/gonum..stmp_148	binary_string_candidate
binary_strings_and_symbols	0x3c99c42	/v1/gonum/lapack/gonum..stmp_149	binary_string_candidate
binary_strings_and_symbols	0x3c9971e	/v1/gonum/lapack/gonum..stmp_15	binary_string_candidate
binary_strings_and_symbols	0x3c99c6c	/v1/gonum/lapack/gonum..stmp_150	binary_string_candidate
binary_strings_and_symbols	0x3c99c96	/v1/gonum/lapack/gonum..stmp_155	binary_string_candidate
binary_strings_and_symbols	0x3c99cc0	/v1/gonum/lapack/gonum..stmp_158	binary_string_candidate
binary_strings_and_symbols	0x3c99cea	/v1/gonum/lapack/gonum..stmp_159	binary_string_candidate
binary_strings_and_symbols	0x3c99747	/v1/gonum/lapack/gonum..stmp_17	binary_string_candidate
binary_strings_and_symbols	0x3c99d14	/v1/gonum/lapack/gonum..stmp_170	binary_string_candidate
binary_strings_and_symbols	0x3c99770	/v1/gonum/lapack/gonum..stmp_18	binary_string_candidate
binary_strings_and_symbols	0x3c99799	/v1/gonum/lapack/gonum..stmp_19	binary_string_candidate
binary_strings_and_symbols	0x3c99511	/v1/gonum/lapack/gonum..stmp_2	binary_string_candidate
binary_strings_and_symbols	0x3c997c2	/v1/gonum/lapack/gonum..stmp_20	binary_string_candidate
binary_strings_and_symbols	0x3c997eb	/v1/gonum/lapack/gonum..stmp_21	binary_string_candidate
binary_strings_and_symbols	0x3c99d3e	/v1/gonum/lapack/gonum..stmp_216	binary_string_candidate
binary_strings_and_symbols	0x3c99d68	/v1/gonum/lapack/gonum..stmp_217	binary_string_candidate
binary_strings_and_symbols	0x3c99d92	/v1/gonum/lapack/gonum..stmp_218	binary_string_candidate
binary_strings_and_symbols	0x3c99814	/v1/gonum/lapack/gonum..stmp_22	binary_string_candidate
binary_strings_and_symbols	0x3c99dbc	/v1/gonum/lapack/gonum..stmp_221	binary_string_candidate
binary_strings_and_symbols	0x3c99de6	/v1/gonum/lapack/gonum..stmp_226	binary_string_candidate
binary_strings_and_symbols	0x3c99e10	/v1/gonum/lapack/gonum..stmp_234	binary_string_candidate
binary_strings_and_symbols	0x3c99e3a	/v1/gonum/lapack/gonum..stmp_235	binary_string_candidate
binary_strings_and_symbols	0x3c99e64	/v1/gonum/lapack/gonum..stmp_236	binary_string_candidate
binary_strings_and_symbols	0x3c9983d	/v1/gonum/lapack/gonum..stmp_25	binary_string_candidate
binary_strings_and_symbols	0x3c99e8e	/v1/gonum/lapack/gonum..stmp_260	binary_string_candidate
binary_strings_and_symbols	0x3c99eb8	/v1/gonum/lapack/gonum..stmp_262	binary_string_candidate
binary_strings_and_symbols	0x3c99ee2	/v1/gonum/lapack/gonum..stmp_264	binary_string_candidate
binary_strings_and_symbols	0x3c99f0c	/v1/gonum/lapack/gonum..stmp_265	binary_string_candidate
binary_strings_and_symbols	0x3c99f36	/v1/gonum/lapack/gonum..stmp_269	binary_string_candidate
binary_strings_and_symbols	0x3c99866	/v1/gonum/lapack/gonum..stmp_27	binary_string_candidate
binary_strings_and_symbols	0x3c99f60	/v1/gonum/lapack/gonum..stmp_270	binary_string_candidate
binary_strings_and_symbols	0x3c99f8a	/v1/gonum/lapack/gonum..stmp_273	binary_string_candidate
binary_strings_and_symbols	0x3c99fb4	/v1/gonum/lapack/gonum..stmp_274	binary_string_candidate
binary_strings_and_symbols	0x3c99fde	/v1/gonum/lapack/gonum..stmp_275	binary_string_candidate
binary_strings_and_symbols	0x3c9a008	/v1/gonum/lapack/gonum..stmp_276	binary_string_candidate
binary_strings_and_symbols	0x3c9a032	/v1/gonum/lapack/gonum..stmp_279	binary_string_candidate
binary_strings_and_symbols	0x3c9988f	/v1/gonum/lapack/gonum..stmp_28	binary_string_candidate
binary_strings_and_symbols	0x3c9a05c	/v1/gonum/lapack/gonum..stmp_280	binary_string_candidate
binary_strings_and_symbols	0x3c9a086	/v1/gonum/lapack/gonum..stmp_281	binary_string_candidate
binary_strings_and_symbols	0x3c9a0b0	/v1/gonum/lapack/gonum..stmp_283	binary_string_candidate
binary_strings_and_symbols	0x3c9a0da	/v1/gonum/lapack/gonum..stmp_284	binary_string_candidate
binary_strings_and_symbols	0x3c9a104	/v1/gonum/lapack/gonum..stmp_290	binary_string_candidate
binary_strings_and_symbols	0x3c9a12e	/v1/gonum/lapack/gonum..stmp_291	binary_string_candidate
binary_strings_and_symbols	0x3c9a158	/v1/gonum/lapack/gonum..stmp_292	binary_string_candidate
binary_strings_and_symbols	0x3c9a182	/v1/gonum/lapack/gonum..stmp_295	binary_string_candidate
binary_strings_and_symbols	0x3c9a1ac	/v1/gonum/lapack/gonum..stmp_296	binary_string_candidate
binary_strings_and_symbols	0x3c99539	/v1/gonum/lapack/gonum..stmp_3	binary_string_candidate
binary_strings_and_symbols	0x3c9a1d6	/v1/gonum/lapack/gonum..stmp_306	binary_string_candidate
binary_strings_and_symbols	0x3c9a200	/v1/gonum/lapack/gonum..stmp_308	binary_string_candidate
binary_strings_and_symbols	0x3c9a22a	/v1/gonum/lapack/gonum..stmp_310	binary_string_candidate
binary_strings_and_symbols	0x3c9a254	/v1/gonum/lapack/gonum..stmp_311	binary_string_candidate
binary_strings_and_symbols	0x3c9a27e	/v1/gonum/lapack/gonum..stmp_312	binary_string_candidate
binary_strings_and_symbols	0x3c9a2a8	/v1/gonum/lapack/gonum..stmp_332	binary_string_candidate
binary_strings_and_symbols	0x3c9a2d2	/v1/gonum/lapack/gonum..stmp_333	binary_string_candidate
binary_strings_and_symbols	0x3c9a2fc	/v1/gonum/lapack/gonum..stmp_339	binary_string_candidate
binary_strings_and_symbols	0x3c998b8	/v1/gonum/lapack/gonum..stmp_34	binary_string_candidate
binary_strings_and_symbols	0x3c9a326	/v1/gonum/lapack/gonum..stmp_341	binary_string_candidate
binary_strings_and_symbols	0x3c998e1	/v1/gonum/lapack/gonum..stmp_35	binary_string_candidate
binary_strings_and_symbols	0x3c9a350	/v1/gonum/lapack/gonum..stmp_351	binary_string_candidate
binary_strings_and_symbols	0x3c9a37a	/v1/gonum/lapack/gonum..stmp_352	binary_string_candidate
binary_strings_and_symbols	0x3c9a3a4	/v1/gonum/lapack/gonum..stmp_362	binary_string_candidate
binary_strings_and_symbols	0x3c9a3ce	/v1/gonum/lapack/gonum..stmp_363	binary_string_candidate
binary_strings_and_symbols	0x3c9a3f8	/v1/gonum/lapack/gonum..stmp_380	binary_string_candidate
binary_strings_and_symbols	0x3c99561	/v1/gonum/lapack/gonum..stmp_4	binary_string_candidate
binary_strings_and_symbols	0x3c9990a	/v1/gonum/lapack/gonum..stmp_40	binary_string_candidate
binary_strings_and_symbols	0x3c9a422	/v1/gonum/lapack/gonum..stmp_404	binary_string_candidate
binary_strings_and_symbols	0x3c9a44c	/v1/gonum/lapack/gonum..stmp_411	binary_string_candidate
binary_strings_and_symbols	0x3c9a476	/v1/gonum/lapack/gonum..stmp_412	binary_string_candidate
binary_strings_and_symbols	0x3c9a4a0	/v1/gonum/lapack/gonum..stmp_419	binary_string_candidate
binary_strings_and_symbols	0x3c9a4ca	/v1/gonum/lapack/gonum..stmp_427	binary_string_candidate
binary_strings_and_symbols	0x3c9a4f4	/v1/gonum/lapack/gonum..stmp_428	binary_string_candidate
binary_strings_and_symbols	0x3c9a51e	/v1/gonum/lapack/gonum..stmp_433	binary_string_candidate
binary_strings_and_symbols	0x3c9a548	/v1/gonum/lapack/gonum..stmp_434	binary_string_candidate
binary_strings_and_symbols	0x3c9a572	/v1/gonum/lapack/gonum..stmp_443	binary_string_candidate
binary_strings_and_symbols	0x3c9a59c	/v1/gonum/lapack/gonum..stmp_449	binary_string_candidate
binary_strings_and_symbols	0x3c9a5c6	/v1/gonum/lapack/gonum..stmp_450	binary_string_candidate
binary_strings_and_symbols	0x3c9a5f0	/v1/gonum/lapack/gonum..stmp_460	binary_string_candidate
binary_strings_and_symbols	0x3c9a61a	/v1/gonum/lapack/gonum..stmp_467	binary_string_candidate
binary_strings_and_symbols	0x3c99933	/v1/gonum/lapack/gonum..stmp_47	binary_string_candidate
binary_strings_and_symbols	0x3c9a644	/v1/gonum/lapack/gonum..stmp_470	binary_string_candidate
binary_strings_and_symbols	0x3c9a66e	/v1/gonum/lapack/gonum..stmp_473	binary_string_candidate
binary_strings_and_symbols	0x3c9a698	/v1/gonum/lapack/gonum..stmp_474	binary_string_candidate
binary_strings_and_symbols	0x3c9a6c2	/v1/gonum/lapack/gonum..stmp_481	binary_string_candidate
binary_strings_and_symbols	0x3c9a6ec	/v1/gonum/lapack/gonum..stmp_483	binary_string_candidate
binary_strings_and_symbols	0x3c9a716	/v1/gonum/lapack/gonum..stmp_484	binary_string_candidate
binary_strings_and_symbols	0x3c9a740	/v1/gonum/lapack/gonum..stmp_491	binary_string_candidate
binary_strings_and_symbols	0x3c9a76a	/v1/gonum/lapack/gonum..stmp_493	binary_string_candidate
binary_strings_and_symbols	0x3c9a794	/v1/gonum/lapack/gonum..stmp_494	binary_string_candidate
binary_strings_and_symbols	0x3c9a7be	/v1/gonum/lapack/gonum..stmp_497	binary_string_candidate
binary_strings_and_symbols	0x3c99589	/v1/gonum/lapack/gonum..stmp_5	binary_string_candidate
binary_strings_and_symbols	0x3c9a7e8	/v1/gonum/lapack/gonum..stmp_501	binary_string_candidate
binary_strings_and_symbols	0x3c9a812	/v1/gonum/lapack/gonum..stmp_502	binary_string_candidate
binary_strings_and_symbols	0x3c9a83c	/v1/gonum/lapack/gonum..stmp_518	binary_string_candidate
binary_strings_and_symbols	0x3c9a866	/v1/gonum/lapack/gonum..stmp_519	binary_string_candidate
binary_strings_and_symbols	0x3c9995c	/v1/gonum/lapack/gonum..stmp_52	binary_string_candidate
binary_strings_and_symbols	0x3c9a890	/v1/gonum/lapack/gonum..stmp_520	binary_string_candidate
binary_strings_and_symbols	0x3c9a8ba	/v1/gonum/lapack/gonum..stmp_523	binary_string_candidate
binary_strings_and_symbols	0x3c9a8e4	/v1/gonum/lapack/gonum..stmp_526	binary_string_candidate
binary_strings_and_symbols	0x3c99985	/v1/gonum/lapack/gonum..stmp_53	binary_string_candidate
binary_strings_and_symbols	0x3c9a90e	/v1/gonum/lapack/gonum..stmp_533	binary_string_candidate
binary_strings_and_symbols	0x3c9a938	/v1/gonum/lapack/gonum..stmp_534	binary_string_candidate
binary_strings_and_symbols	0x3c999ae	/v1/gonum/lapack/gonum..stmp_54	binary_string_candidate
binary_strings_and_symbols	0x3c9a962	/v1/gonum/lapack/gonum..stmp_542	binary_string_candidate
binary_strings_and_symbols	0x3c9a98c	/v1/gonum/lapack/gonum..stmp_554	binary_string_candidate
binary_strings_and_symbols	0x3c9a9b6	/v1/gonum/lapack/gonum..stmp_567	binary_string_candidate
binary_strings_and_symbols	0x3c999d7	/v1/gonum/lapack/gonum..stmp_57	binary_string_candidate
binary_strings_and_symbols	0x3c9a9e0	/v1/gonum/lapack/gonum..stmp_570	binary_string_candidate
binary_strings_and_symbols	0x3c9aa0a	/v1/gonum/lapack/gonum..stmp_571	binary_string_candidate
binary_strings_and_symbols	0x3c9aa34	/v1/gonum/lapack/gonum..stmp_572	binary_string_candidate
binary_strings_and_symbols	0x3c99a00	/v1/gonum/lapack/gonum..stmp_58	binary_string_candidate
binary_strings_and_symbols	0x3c9aa5e	/v1/gonum/lapack/gonum..stmp_586	binary_string_candidate
binary_strings_and_symbols	0x3c9aa88	/v1/gonum/lapack/gonum..stmp_590	binary_string_candidate
binary_strings_and_symbols	0x3c9aab2	/v1/gonum/lapack/gonum..stmp_591	binary_string_candidate
binary_strings_and_symbols	0x3c9aadc	/v1/gonum/lapack/gonum..stmp_593	binary_string_candidate
binary_strings_and_symbols	0x3c995b1	/v1/gonum/lapack/gonum..stmp_6	binary_string_candidate
binary_strings_and_symbols	0x3c9ab06	/v1/gonum/lapack/gonum..stmp_607	binary_string_candidate
binary_strings_and_symbols	0x3c9ab30	/v1/gonum/lapack/gonum..stmp_619	binary_string_candidate
binary_strings_and_symbols	0x3c99a29	/v1/gonum/lapack/gonum..stmp_62	binary_string_candidate
binary_strings_and_symbols	0x3c9ab5a	/v1/gonum/lapack/gonum..stmp_624	binary_string_candidate
binary_strings_and_symbols	0x3c9ab84	/v1/gonum/lapack/gonum..stmp_625	binary_string_candidate
binary_strings_and_symbols	0x3c9abae	/v1/gonum/lapack/gonum..stmp_629	binary_string_candidate
binary_strings_and_symbols	0x3c99a52	/v1/gonum/lapack/gonum..stmp_63	binary_string_candidate
binary_strings_and_symbols	0x3c9abd8	/v1/gonum/lapack/gonum..stmp_638	binary_string_candidate
binary_strings_and_symbols	0x3c9ac02	/v1/gonum/lapack/gonum..stmp_639	binary_string_candidate
binary_strings_and_symbols	0x3c99a7b	/v1/gonum/lapack/gonum..stmp_64	binary_string_candidate
binary_strings_and_symbols	0x3c9ac2c	/v1/gonum/lapack/gonum..stmp_641	binary_string_candidate
binary_strings_and_symbols	0x3c99aa4	/v1/gonum/lapack/gonum..stmp_65	binary_string_candidate
binary_strings_and_symbols	0x3c9ac56	/v1/gonum/lapack/gonum..stmp_652	binary_string_candidate
binary_strings_and_symbols	0x3c9ac80	/v1/gonum/lapack/gonum..stmp_654	binary_string_candidate
binary_strings_and_symbols	0x3c9acaa	/v1/gonum/lapack/gonum..stmp_675	binary_string_candidate
binary_strings_and_symbols	0x3c9acd4	/v1/gonum/lapack/gonum..stmp_677	binary_string_candidate
binary_strings_and_symbols	0x3c9acfe	/v1/gonum/lapack/gonum..stmp_691	binary_string_candidate
binary_strings_and_symbols	0x3c9ad28	/v1/gonum/lapack/gonum..stmp_696	binary_string_candidate
binary_strings_and_symbols	0x3c9ad52	/v1/gonum/lapack/gonum..stmp_697	binary_string_candidate
binary_strings_and_symbols	0x3c9ad7c	/v1/gonum/lapack/gonum..stmp_698	binary_string_candidate
binary_strings_and_symbols	0x3c995d9	/v1/gonum/lapack/gonum..stmp_7	binary_string_candidate
binary_strings_and_symbols	0x3c99acd	/v1/gonum/lapack/gonum..stmp_71	binary_string_candidate
binary_strings_and_symbols	0x3c9ada6	/v1/gonum/lapack/gonum..stmp_713	binary_string_candidate
binary_strings_and_symbols	0x3c9add0	/v1/gonum/lapack/gonum..stmp_715	binary_string_candidate
binary_strings_and_symbols	0x3c9adfa	/v1/gonum/lapack/gonum..stmp_778	binary_string_candidate
binary_strings_and_symbols	0x3c99601	/v1/gonum/lapack/gonum..stmp_8	binary_string_candidate
binary_strings_and_symbols	0x3c99af6	/v1/gonum/lapack/gonum..stmp_85	binary_string_candidate
binary_strings_and_symbols	0x3c9ae24	/v1/gonum/lapack/gonum..stmp_891	binary_string_candidate
binary_strings_and_symbols	0x3c99629	/v1/gonum/lapack/gonum..stmp_9	binary_string_candidate
binary_strings_and_symbols	0x3c9ae4e	/v1/gonum/lapack/gonum..stmp_918	binary_string_candidate
binary_strings_and_symbols	0x3c9ae78	/v1/gonum/lapack/gonum..stmp_929	binary_string_candidate
binary_strings_and_symbols	0x3c9aea2	/v1/gonum/lapack/gonum..stmp_939	binary_string_candidate
binary_strings_and_symbols	0x3c99b1f	/v1/gonum/lapack/gonum..stmp_94	binary_string_candidate
binary_strings_and_symbols	0x3c99b48	/v1/gonum/lapack/gonum..stmp_97	binary_string_candidate
binary_strings_and_symbols	0x3c99b71	/v1/gonum/lapack/gonum..stmp_99	binary_string_candidate
binary_strings_and_symbols	0x2c16ace	/v1/gonum/lapack/gonum.abs	binary_string_candidate
binary_strings_and_symbols	0x2c15d47	/v1/gonum/lapack/gonum.max	binary_string_candidate
binary_strings_and_symbols	0x2c15da1	/v1/gonum/lapack/gonum.min	binary_string_candidate
binary_strings_and_symbols	0x10aa482	/v1/gonum/lapack/lapack64	binary_string_candidate
binary_strings_and_symbols	0x3c1b7a9	/v1/gonum/lapack/lapack64..stmp_0	binary_string_candidate
binary_strings_and_symbols	0x3c1b77d	/v1/gonum/lapack/lapack64.lapack64	binary_string_candidate
binary_strings_and_symbols	0x2c19859	/v1/gonum/lapack/lapack64.max	binary_string_candidate
binary_strings_and_symbols	0x107f25c	/v1/gonum/mat	binary_string_candidate
binary_strings_and_symbols	0x3c0715c	/v1/gonum/mat..inittask	binary_string_candidate
binary_strings_and_symbols	0x3c07730	/v1/gonum/mat..interface	binary_string_candidate
binary_strings_and_symbols	0x3c07626	/v1/gonum/mat..stmp_0	binary_string_candidate
binary_strings_and_symbols	0x3c07645	/v1/gonum/mat..stmp_1	binary_string_candidate
binary_strings_and_symbols	0x3c8b8e1	/v1/gonum/mat..stmp_12	binary_string_candidate
binary_strings_and_symbols	0x3c8b9e1	/v1/gonum/mat..stmp_155	binary_string_candidate
binary_strings_and_symbols	0x3c8ba02	/v1/gonum/mat..stmp_157	binary_string_candidate
binary_strings_and_symbols	0x3c8ba23	/v1/gonum/mat..stmp_158	binary_string_candidate
binary_strings_and_symbols	0x3c8ba44	/v1/gonum/mat..stmp_161	binary_string_candidate
binary_strings_and_symbols	0x3c8ba65	/v1/gonum/mat..stmp_163	binary_string_candidate
binary_strings_and_symbols	0x3c8ba86	/v1/gonum/mat..stmp_167	binary_string_candidate
binary_strings_and_symbols	0x3c8baa7	/v1/gonum/mat..stmp_172	binary_string_candidate
binary_strings_and_symbols	0x3c8bac8	/v1/gonum/mat..stmp_183	binary_string_candidate
binary_strings_and_symbols	0x3c8bae9	/v1/gonum/mat..stmp_184	binary_string_candidate
binary_strings_and_symbols	0x3c8bb0a	/v1/gonum/mat..stmp_185	binary_string_candidate
binary_strings_and_symbols	0x3c8bb2b	/v1/gonum/mat..stmp_192	binary_string_candidate
binary_strings_and_symbols	0x3c07664	/v1/gonum/mat..stmp_2	binary_string_candidate
binary_strings_and_symbols	0x3c8bb4c	/v1/gonum/mat..stmp_203	binary_string_candidate
binary_strings_and_symbols	0x3c8bb6d	/v1/gonum/mat..stmp_204	binary_string_candidate
binary_strings_and_symbols	0x3c8bb8e	/v1/gonum/mat..stmp_205	binary_string_candidate
binary_strings_and_symbols	0x3c8bbaf	/v1/gonum/mat..stmp_271	binary_string_candidate
binary_strings_and_symbols	0x3c8bbd0	/v1/gonum/mat..stmp_274	binary_string_candidate
binary_strings_and_symbols	0x3c8bbf1	/v1/gonum/mat..stmp_290	binary_string_candidate
binary_strings_and_symbols	0x3c07683	/v1/gonum/mat..stmp_3	binary_string_candidate
binary_strings_and_symbols	0x3c8b901	/v1/gonum/mat..stmp_34	binary_string_candidate
binary_strings_and_symbols	0x3c076a2	/v1/gonum/mat..stmp_4	binary_string_candidate
binary_strings_and_symbols	0x3c8b921	/v1/gonum/mat..stmp_44	binary_string_candidate
binary_strings_and_symbols	0x3c8b941	/v1/gonum/mat..stmp_45	binary_string_candidate
binary_strings_and_symbols	0x3c8b961	/v1/gonum/mat..stmp_51	binary_string_candidate
binary_strings_and_symbols	0x3c8b8a3	/v1/gonum/mat..stmp_6	binary_string_candidate
binary_strings_and_symbols	0x3c8b8c2	/v1/gonum/mat..stmp_7	binary_string_candidate
binary_strings_and_symbols	0x3c8b981	/v1/gonum/mat..stmp_87	binary_string_candidate
binary_strings_and_symbols	0x3c8b9a1	/v1/gonum/mat..stmp_88	binary_string_candidate
binary_strings_and_symbols	0x3c8b9c1	/v1/gonum/mat..stmp_99	binary_string_candidate
binary_strings_and_symbols	0x3c076c1	/v1/gonum/mat..type	binary_string_candidate
binary_strings_and_symbols	0x2c1c9a1	/v1/gonum/mat.check	binary_string_candidate
binary_strings_and_symbols	0x3c07485	/v1/gonum/mat.err	binary_string_candidate
binary_strings_and_symbols	0x2c1b16c	/v1/gonum/mat.general	binary_string_candidate
binary_strings_and_symbols	0x2c1c57c	/v1/gonum/mat.get	binary_string_candidate
binary_strings_and_symbols	0x3c07440	/v1/gonum/mat.header	binary_string_candidate
binary_strings_and_symbols	0x2c19c78	/v1/gonum/mat.init	binary_string_candidate
binary_strings_and_symbols	0x2c1c462	/v1/gonum/mat.init.0	binary_string_candidate
binary_strings_and_symbols	0x2c1c558	/v1/gonum/mat.init.0.func1	binary_string_candidate
binary_strings_and_symbols	0x2c1c534	/v1/gonum/mat.init.0.func2	binary_string_candidate
binary_strings_and_symbols	0x2c1c510	/v1/gonum/mat.init.0.func3	binary_string_candidate
binary_strings_and_symbols	0x2c1c4ec	/v1/gonum/mat.init.0.func4	binary_string_candidate
binary_strings_and_symbols	0x2c1c4c8	/v1/gonum/mat.init.0.func5	binary_string_candidate
binary_strings_and_symbols	0x2c1c4a4	/v1/gonum/mat.init.0.func6	binary_string_candidate
binary_strings_and_symbols	0x2c1c480	/v1/gonum/mat.init.0.func7	binary_string_candidate
binary_strings_and_symbols	0x2c1b9d9	/v1/gonum/mat.is	binary_string_candidate
binary_strings_and_symbols	0x2c19f9b	/v1/gonum/mat.max	binary_string_candidate
binary_strings_and_symbols	0x2c19f52	/v1/gonum/mat.min	binary_string_candidate
binary_strings_and_symbols	0x2c1c81e	/v1/gonum/mat.new	binary_string_candidate
binary_strings_and_symbols	0x2c1a0ad	/v1/gonum/mat.norm	binary_string_candidate
binary_strings_and_symbols	0x2c1abc2	/v1/gonum/mat.offset	binary_string_candidate
binary_strings_and_symbols	0x2c1c5a5	/v1/gonum/mat.pool	binary_string_candidate
binary_strings_and_symbols	0x2c1c5c4	/v1/gonum/mat.put	binary_string_candidate
binary_strings_and_symbols	0x2c1bf61	/v1/gonum/mat.read	binary_string_candidate
binary_strings_and_symbols	0x2c1c9c5	/v1/gonum/mat.rectangles	binary_string_candidate
binary_strings_and_symbols	0x3c07462	/v1/gonum/mat.size	binary_string_candidate
binary_strings_and_symbols	0x2c1beca	/v1/gonum/mat.storage.marshal	binary_string_candidate
binary_strings_and_symbols	0x2c1aef7	/v1/gonum/mat.strict	binary_string_candidate
binary_strings_and_symbols	0x2c1c8b2	/v1/gonum/mat.table.at	binary_string_candidate
binary_strings_and_symbols	0x2c1c891	/v1/gonum/mat.table.set	binary_string_candidate
binary_strings_and_symbols	0x2c1a6fe	/v1/gonum/mat.untranspose	binary_string_candidate
binary_strings_and_symbols	0x2c1a185	/v1/gonum/mat.use	binary_string_candidate
binary_strings_and_symbols	0x2c1a068	/v1/gonum/mat.zero	binary_string_candidate
binary_strings_and_symbols	0x2c1f7c9	/v1/gonum/stat	binary_string_candidate
binary_strings_and_symbols	0x3c5bd87	/v1/gonum/stat..stmp_4	binary_string_candidate
binary_strings_and_symbols	0x2c1f80a	/v1/gonum/stat.covariance	binary_string_candidate
binary_strings_and_symbols	0x2c1f880	/v1/gonum/stat.mean	binary_string_candidate
binary_strings_and_symbols	0x14a8e9b	/v1/java:heap_alloc_objects:count	binary_string_candidate
binary_strings_and_symbols	0x19e6cf1	/v1/logs	source_or_exact_string
binary_strings_and_symbols	0x2e3d01f	/v1/logs.pb.go	binary_string_candidate
binary_strings_and_symbols	0x367b042	/v1/logs.proto	binary_string_candidate
binary_strings_and_symbols	0x1485894	/v1/logs/api/sso/static	binary_string_candidate
binary_strings_and_symbols	0x2e3d464	/v1/logs_service.pb.go	binary_string_candidate
binary_strings_and_symbols	0x2e3d4bb	/v1/logs_service.pb.gw.go	binary_string_candidate
binary_strings_and_symbols	0x367afe1	/v1/logs_service.proto	binary_string_candidate
binary_strings_and_symbols	0x14d3a24	/v1/logs_service.protoac	binary_string_candidate
binary_strings_and_symbols	0x2e3d515	/v1/logs_service_grpc.pb.go	binary_string_candidate
binary_strings_and_symbols	0x148db5a	/v1/logsbookmarks.adduser_auth_urldnd.end	binary_string_candidate
binary_strings_and_symbols	0x2545436	/v1/manual/integers-and-floating-point-numbers	binary_string_candidate
binary_strings_and_symbols	0x25435f2	/v1/manual/variables	binary_string_candidate
binary_strings_and_symbols	0x148991c	/v1/metrics/api/logoutindex	binary_string_candidate
binary_strings_and_symbols	0x148b203	/v1/profiles/oauth/tokenindex	binary_string_candidate
binary_strings_and_symbols	0x2e3cfd2	/v1/resource.pb.go	binary_string_candidate
binary_strings_and_symbols	0x36741c1	/v1/resource.proto	binary_string_candidate
binary_strings_and_symbols	0x2e3d571	/v1/trace.pb.go	binary_string_candidate
binary_strings_and_symbols	0x367b6c5	/v1/trace.proto	binary_string_candidate
binary_strings_and_symbols	0x2e3d5b8	/v1/trace_service.pb.go	binary_string_candidate
binary_strings_and_symbols	0x2e3d611	/v1/trace_service.pb.gw.go	binary_string_candidate
binary_strings_and_symbols	0x367b661	/v1/trace_service.proto	binary_string_candidate
binary_strings_and_symbols	0x14d636a	/v1/trace_service.protoproto:	binary_string_candidate
binary_strings_and_symbols	0x2e3d66d	/v1/trace_service_grpc.pb.go	binary_string_candidate
binary_strings_and_symbols	0x19e6cf1	/v1/traces	source_or_exact_string
binary_strings_and_symbols	0x14886b4	/v1/traces/v1/config/api/login/api/users/api/roles/api/cloudno	binary_string_candidate
