count	name
801	token
409	tokens
261	password
222	Token
162	PrivateKey
128	TokenType
83	api_key
72	ClientSecretNewParamsSessionUnion
47	Password
47	tokenize
38	clientSecretNewParamsSessionUnionAudioInputTurnDetection
38	PASSWORD
38	token_o
37	api_keys
36	tokenizerOptions
32	ContainerNetworkPolicyDomainSecretParam
31	BetaInputTokensTriggerParam
29	NewPrivateKey
29	RealtimeTruncationRetentionRatioTokenLimitsParam
29	set_admin_password
29	tokens_meta
28	secret
28	privateKeyToFIPS
27	nextToken
27	mcpTokenClaims
27	token_c
26	InputTokenCountParamsText
26	BetaInputTokensClearAtLeastParam
26	ClientSecretNewParamsExpiresAfter
25	ApiKey
24	RealtimeSessionCreateRequestMaxOutputTokensUnionParam
24	tokenizer
23	tokenizers
22	client_secret
22	clientSecretNewParamsSessionUnionAudioInput
21	confirm_password
21	cancelToken
20	isToken
19	InputTokens
17	ChangePassword
17	ProjectApiKeys
16	new_password
15	mainToken
15	CancelToken
15	EOF_TOKEN
14	MasterSecret
14	clientSecretNewParamsSessionUnionAudio
14	Tokenizer
13	GetDomainSecrets
13	old_password
13	changePassword
13	withXSRFToken
13	TokenRule
13	token_i
12	ApiKeyAuth
12	oidc_has_secret
12	secret-name
12	secret-password-key
12	TokenizerOptions
12	tokenText
12	outTokens
12	privateKeyBytes
11	tokenType
11	renderToken
11	nameToken
11	blockTokens
11	currentToken
11	token_t
10	EncodeToken
10	ApiKeyForm
10	clientSecretNewParamsSessionUnionAudioInputNoiseReduction
10	api-key
10	tokenDisplay
10	prevToken
10	NewEarlySecret
9	nSecret
9	GetBudgetTokens
9	secret_access_key
9	secret-username-key
9	WithAPIKey
8	Secret
8	HandshakeSecret
8	apiKeys
8	socksUsernamePassword
8	ChatCompletionTokenLogprob
8	ChatCompletionTokenLogprobTopLogprob
8	getAPIKey
8	metaTokens
7	apiKey
7	ApiKeys
7	SetAdminPassword
7	ChangeUserPassword
7	OfInputTokens
7	CompletionUsagePromptTokensDetails
7	CompletionUsageCompletionTokensDetails
7	passwords
7	acceptToken
7	tokenPrecTable
7	TokenizerEngine
7	quoteToken
7	openToken
7	testToken
7	inlineTokens
7	token_il
6	indexTokens
6	passwordReader
6	ExporterMasterSecret
6	ChangePasswordForm
6	BudgetTokens
6	budget_tokens
6	DomainSecrets
6	domain_secrets
6	isPassword
6	tokensToFunction
6	tokensToRegExp
6	tokenKey
6	disambiguateTokens
6	CachedToken
6	readToken
6	tokenEnd
6	tokenTable
6	nextNonCommentToken
6	NearleyToken
6	masterFromPreMasterSecret
6	extMasterFromPreMasterSecret
6	keysFromMasterSecret
5	newPrivateKey
5	EarlySecret
5	GetMaxOutputTokens
5	GetMaxContentTokens
5	tokenJSON
5	IDTokenVerifier
5	TokenLimits
5	token_limits
5	ChunkOverlapTokens
5	chunk_overlap_tokens
5	MaxChunkSizeTokens
5	max_chunk_size_tokens
5	updateCachedToken
5	getMainToken
5	tokenData
5	tokenPrec
5	getNextToken
5	skipToken
5	token-1
5	TokenGroup
5	stoppedTokens
5	RANGE_TOKEN
5	CHECKBOX_RADIO_TOKEN
5	TokenTree
5	noTokens
5	createEofToken
5	arrayToken
5	nToken
5	lastTokenIdx
5	ekmFromMasterSecret
4	RawToken
4	MaxTokens
4	AudioTokens
4	writeTokens
4	ecPrivateKey
4	mcpAuthSecret
4	mcpIssueToken
4	mcpIssueTokenPair
4	getProjectByApiKey
4	TokenExpiredError
4	SecretAccessKey
4	minPasswordLength
4	csrf_token
4	TOKEN
4	MASTER_PASSWORD
4	PASSWORD_LOCK_TIME
4	TOKENS
4	nullToken
4	firstToken
4	createTokenType
4	compareToken
4	typeDefTokens
4	formatTypeDefToken
4	previousReservedToken
4	limitToken
4	isTabularToken
4	token_meta
4	yaml_parser_fetch_next_token
4	CheckToken
4	readPassword
4	testPrivateKey
3	rawToken
3	floatToken
3	TotalTokens
3	consumeToken
3	PromptTokens
3	CachedTokens
3	edPrivateKey
3	RefreshToken
3	saltPassword
3	complexTokens
3	MCPOAuthToken
3	rsaPrivateKey
3	ReasoningTokens
3	setTrafficSecret
3	CompletionTokens
3	quicSetReadSecret
3	PromptTokensDetails
3	setReadTrafficSecret
3	tokenPrepareForDecode
3	PrivateKeyECDH
3	CompletionTokensDetails
3	keySharePrivateKeys
3	AcceptedPredictionTokens
3	RejectedPredictionTokens
3	ParsePKCS8PrivateKey
3	ParsePKCS1PrivateKey
3	hasToken
3	onepassword
3	API_KEY
3	API_KEY_HERE
3	commentTokens
3	tokenBefore
3	withXsrfToken
3	ExternalTokenizer
3	TokenCache
3	tokenArray
3	keywordTokens
3	contextualKeywordTokens
3	tokensToFunction_1
3	tokensToRegExp_1
3	TokenTreeEmitter
3	D_TOKEN_STRING_MODE
3	D_SPECIAL_TOKEN_SEQUENCE_MODE
3	startToken
3	mergeTokens
3	TokenTable
3	parseTokens
3	tokensRE
3	prevNonCommentToken
3	betweenToken
3	andToken
3	caseToken
3	endToken
3	whenToken
3	thenToken
3	elseToken
3	tmpToken
3	token_to
3	token_tho
3	token_htro
3	token_ho
3	token_tbo
3	token_tro
3	token_tdo
3	strikethrough_tokenize
3	emphasis_tokenize
3	tokenEquals
3	WithWebhookSecret
3	deriveSecret
2	APIKey
2	TokenURL
2	lastToken
2	licenseKey
2	stringToken
2	AccessToken
2	ClientSecret
2	tokenValueEnd
2	ProgressToken
2	IDToken
2	consumeBoolToken
2	tokenValueAllowed
2	quicSetWriteSecret
2	yaml_token_t
2	consumeStringToken
2	setWriteTrafficSecret
2	ResumptionMasterSecret
2	ClientEarlyTrafficSecret
2	maxTokens
2	token_type
2	ClientHandshakeTrafficSecret
2	ServerHandshakeTrafficSecret
2	license_key
2	ClientApplicationTrafficSecret
2	ServerApplicationTrafficSecret
2	refresh_token
2	max_tokens
2	TokenEndpointAuthMethod
2	token_endpoint_auth_method
2	tokenindex
2	vtoken
2	hashedSecret
2	ParseECPrivateKey
2	dbGetPassword
2	facebook_accesstoken
2	SYSRES_CONST_ACTION_TYPE_ENCRYPTION_BY_CERTIFICATE_AND_PASSWORD
2	SYSRES_CONST_ACTION_TYPE_ENCRYPTION_BY_PASSWORD
2	SYSRES_CONST_ACTION_TYPE_PASSWORD_CHANGE
2	SYSRES_CONST_ADMINISTRATION_HISTORY_USER_PASSWORD_CHANGE
2	SYSRES_CONST_ADMINISTRATION_HISTORY_USER_PASSWORD_CHANGE_ACTION
2	SYSRES_CONST_ATTACH_TYPE_COMPONENT_TOKEN
2	SYSRES_CONST_AUTH_ENCODED_PASSWORD
2	SYSRES_CONST_AUTH_ENCODED_PASSWORD_CODE
2	SYSRES_CONST_AUTH_PASSWORD
2	SYSRES_CONST_AUTH_PASSWORD_CODE
2	SYSRES_CONST_EDOC_CERTIFICATE_AND_PASSWORD_ENCODE_CODE
2	SYSRES_CONST_EDOC_PASSWORD_ENCODE_CODE
2	SYSRES_CONST_TASK_ENCODE_TYPE_CERTIFICATION_AND_PASSWORD
2	SYSRES_CONST_TASK_ENCODE_TYPE_PASSWORD
2	COMPONENT_TOKEN_LINK_KIND
2	COMPONENT_TOKEN_LOCK_TYPE
2	SYSREQ_REF_REQ_TOKENS
2	SYSREF_COMPONENT_TOKEN_HISTORY
2	SYSREF_COMPONENT_TOKENS
2	ckComponentToken
2	emChangeEncodeTypeToPassword
2	emChangeEncodeTypeToCertificatePassword
2	etPassword
2	etCertificatePassword
2	ComponentTokens
2	IComponentToken
2	IComponentTokenFactory
2	IComponentTokenInfo
2	tokenOffset
2	BlockchainTokenData
2	FrontEndToken
2	FrontEndTokenExecute
2	GrammarToken
2	LimitsPositioningTokens
2	TokenWords
2	PasswordFile
2	SecuredAuthenticationKeyTokens
2	tokenizeList
2	INVALID_PASSWORD
2	splitTokens
2	password_max_age
2	password_min_age
2	proxy_password
2	gettoken
2	tokeni
2	tokeniz
2	inputsecret
2	iftoken
2	NMTOKEN
2	OLD_PASSWORD
2	SOURCE_PASSWORD
2	VALIDATE_PASSWORD_STRENGTH
2	CONTAINS_TOKEN
2	CONTAINS_TOKEN_LIKE
2	CONTAINS_TOKEN_REGEXP
2	HAS_TOKEN
2	TS_TOKEN_TYPE
2	SECRET_ACCESS_KEY
2	SESSION_TOKEN
2	SECRET_ARN
2	CERTPRIVATEKEY
2	GENERATE_SCIM_ACCESS_TOKEN
2	SHOW_OAUTH_CLIENT_SECRETS
2	VERIFY_EXTERNAL_OAUTH_TOKEN
2	Tokens
2	defaultTokenTable
2	emitToken
2	OptionalTokenRule
2	myToken
2	fts3tokenize
2	checkFIPS140OnlyPrivateKey
2	fipsPrivateKey
2	parseECPrivateKey
2	ParseHPKEPrivateKey
2	nextTrafficSecret
2	parsePrivateKey
2	headerValueContainsToken
2	stripPassword
2	IsTokenRune
2	yaml_insert_token
2	peek_token
2	yaml_parser_fetch_more_tokens
2	yaml_parser_scan_to_next_token
2	GenerateFromPassword
2	CompareHashAndPassword
2	newFromPassword
2	nextTokenOrQuoted
2	tokenListContainsValue
2	splitToken
2	fromRsaPrivateKey
2	fromEcPrivateKey
2	newTokenRequest
2	RetrieveToken
2	doTokenRoundTrip
2	retrieveToken
2	readPasswordLine
2	setAdminPassword
2	ApiKeys-fm
2	MCPOAuthToken-fm
2	newPrivateKeyFromSeed
2	precomputePrivateKey
2	NewPrivateKeyWithPrecomputation
2	NewPrivateKeyWithoutCRT
2	checkPrivateKey
2	decode_token
2	ErrTokenMalformed
2	ErrTokenUnverifiable
2	ErrTokenSignatureInvalid
2	ErrTokenInvalidAudience
2	ErrTokenExpired
2	ErrTokenUsedBeforeIssued
2	ErrTokenInvalidIssuer
2	ErrTokenNotValidYet
2	ErrTokenInvalidClaims
2	privateKeyCache
1	tokenURL
1	secretKey
1	authSecret
1	tokenError
1	tokenState
1	tokenStack
1	token_mark
1	TokenRatio
1	privateKey
1	fillTokens
1	passwordSet
1	tokens_head
1	TokenSource
1	masterSecret
1	maxTokenSize
1	token_number
1	sharedSecret
1	GetInitToken
1	trafficSecret
1	tokens_parsed
1	idToken
1	appLevelToken
1	WebhookSecret
1	exporterSecret
1	extMasterSecret
1	preMasterSecret
1	token_available
1	AccessTokenHash
1	resumptionSecret
1	TokenReader
1	VerifyAccessToken
1	DeviceAccessToken
1	GetInitTokenFromSpn
1	extendedMasterSecret
1	pkcs1PrivateKey
1	yaml_token_type_t
1	PasswordCredentialsToken
1	EarlyExporterMasterSecret
1	ApiKeysSnake
1	LicenseKey
1	token_endpoint
1	OldPassword
1	NewPassword
1	access_token
1	audio_tokens
1	cached_tokens
1	reasoning_tokens
1	total_tokens
1	prompt_tokens
1	prompt_tokens_details
1	MaxOutputTokens
1	max_output_tokens
1	completion_tokens
1	MaxContentTokens
1	max_content_tokens
1	clientSecret
1	BootstrapAdminPassword
1	bootstrap_admin_password
1	AuthorizationToken
1	authorization_token
1	id_token_signing_alg_values_supported
1	completion_tokens_details
1	MaxCompletionTokens
1	max_completion_tokens
1	accepted_prediction_tokens
1	rejected_prediction_tokens
1	MaxCompletionsTokens
1	max_completions_tokens
1	NeedsInitialPasswordSet
1	needs_initial_password_set
1	xCounttokenspeedPATCHregexmulti
1	sha512secretno
1	ttlLOGS_TTLid_tokenRCA_DUMPinternalprocess
1	idnegativedatabasepasswordIntervaldatetimeDateTimeread
1	API-Keykeys
1	API-KEYTimestampStackHashcache-ttlCACHE_TTLnamespacekind
1	nilauth_secretlist_alertslog_patterndescription
1	withSummaryno_id_tokenfamily_name_memory_rsslicense-keyLICENSE_KEYcode
1	dtoken_
1	codeaccess_tokenstep
1	input_tokensmcp_tool_useservice_tierstring_check
1	secretkey
1	lengthshared_secretinvalid
1	foundmemory_percenttoken_endpointresponse_typescode_challengeunknown
1	EncryptedKeytool_referenceOPENAI_API_KEYOpenAI-Projectlast_active_at
1	expiredtoken
1	resolved_attoken
1	passwordset_admin_passwordstatic
1	terminatedtoken
1	sapi_key
1	byteshasToken
1	license-keyk8s
1	exposuretoken
1	refresh_tokensum
1	stoken
1	failedweb_fetch_tool_resultOPENAI_WEBHOOK_SECRETflag
1	secrethkdf
1	typetoken
1	id_token
1	confirmationCLIENT_TRAFFIC_SECRET_0SERVER_TRAFFIC_SECRET_0tls
1	vToken
1	wtoken
1	issuedtoken
1	issuertoken
1	passwordattachment
1	NullValueToken
1	token_endpoint_auth_methodcoroot_pending_compactionsproject
1	responsetoken
1	invalidtoken
1	passwordsyntax
1	api_keysstatic
1	helloCLIENT_HANDSHAKE_TRAFFIC_SECRETSERVER_HANDSHAKE_TRAFFIC_SECRETtls
1	allowedtoken
1	PrivateKeycounter
1	tokencrypto
1	rulesPassword
1	PrivateKeyname
1	PrivateKeyapijson
1	tokendid
1	access_tokentag
1	Secrettls
1	extended_master_secret
1	secrettls
1	hashedPassword
1	passwordif
1	tokenRatio
1	PrivateKeyWITH
1	license-key
1	LICENSE_KEY
1	Tokenized
1	tokenbf_v1
1	Tokenizers
1	tokenizing
1	nTokenGroup
1	TokenizerMask
1	tokenization
1	CommentTokens
1	ntokens
1	tokenized
1	my_token_render
1	Tokenizes
1	my_token
1	tokenchars
1	fts3_tokenizer
1	NewPrivateKeyFromSeed
1	UserPassword
1	splitPreMasterSecret
1	isTokenChar
1	matchToken
1	tokenEqual
1	HeaderValuesContainsToken
1	isTokenBoundary
1	skip_token
1	unexpectedTokenError
1	fromEdPrivateKey
1	tokenFromInternal
1	ReadPassword
1	inputtoken
1	clientsecret
1	multiheardPowerstandtokensolid
1	thanDirectoryextensionsecretarynaturallyoccurringvariablesgiven
1	stratesecretar
1	beSecretary
1	Secretary
1	authBootstrapAdminPassword
1	globalClickhousePassword
1	globalPrometheusPassword
1	bootstrapClickhousePassword
1	ErrFinalToken
1	isTokenTable
1	emptyApiKey
1	ErrTokenRequiredClaimMissing
1	ErrTokenInvalidSubject
1	errRawToken
1	x25519PrivateKeySize
1	x25519SharedSecretSize
1	ErrMismatchedHashAndPassword
1	ErrPasswordTooLong
1	ErrTokenInvalidId
1	isTokenOctet
1	sqlite3DequoteToken
1	sqlite3Fts3OpenTokenizer
1	sqlite3Fts3NextToken
1	sqlite3GetToken
1	getToken
1	sqlite3NameFromToken
1	sqlite3RenameTokenMap
1	tokenExpr
1	fts3EvalPhraseMergeToken
1	fts3TokenizerFunc
1	sqlite3Fts3InitTokenizer
1	incrPhraseTokenNext
1	fts3EvalTokenCosts
1	simpleTokenizerModule
1	porterTokenizerModule
