offset_hex	url
0x1130bf6	http://www.w3.org/2000/09/xmldsig#
0x1132a15	http://www.w3.org/XML/1998/namespace
0x114ff42	http://www.w3.org/2001/XMLSchema-instance
0x11a0451	http://www.w3.org/2001/10/xml-exc-c14n#
0x1486acf	https://SHA2-256readbuf:memstats([
0x149f591	https://cloud.coroot.comdo-not-check-for-updatesDO_NOT_CHECK_FOR_UPDATESdisable-usage-statisticsDisable
0x14aa2c7	http://www.w3.org/2000/xmlns/_html_template_commentescaper_html_template_cssvaluefilter_html_template_htmlnamefilter_html_template_nospaceescapererror
0x14ba10d	https://coroot.com/ce/usage-statisticsYou
0x14c0c7a	http://www.w3.org/2001/XMLSchema-instancemat:
0x14c7d77	http://www.w3.org/2001/04/xmldsig-more#sha384cannot
0x14cc691	http://www.w3.org/2001/04/xmldsig-more#rsa-sha384http://www.w3.org/2001/04/xmldsig-more#ecdsa-sha1http://www.w3.org/2006/12/xml-c14n11#WithComments{{%s
0x14d0645	http://www.w3.org/2000/09/xmldsig#enveloped-signaturechacha20:
0x14d81f0	http://www.w3.org/TR/2001/REC-xml-c14n-20010315#WithCommentsnet/http:
0x14d9ea4	https://)Blocking
0x14dacb7	https://coroot.github.io/cloud-pricing/data/cloud-pricing.json.gzreflect:
0x14dec45	https://go.dev/issue/66821):
0x14e2e7d	https://github.com/golang/protobuf/issues/1609):
0x14e2e7d	https://go.dev/pkg/crypto/rsa#hdr-Minimum_key_size)chainSampleIterator.AtFloatHistogram
0x14e73d1	https://coroot.com/account
0x14eaa96	https://prometheus.io/docs/prometheus/latest/querying/functions/#histogram_quantile
0x14ed6a5	http://www.w3.org/2000/svg
0x14f62b6	http://www.w3.org/1999/xlink
0x1657d66	http://www.w3.org/Graphics/SVG/1.1/DTD/svg11.dtd
0x16efe59	http://www.w3.org/1999/02/22-rdf-syntax-ns#
0x16efec2	http://ns.adobe.com/exif/1.0/
0x1985860	http://HOST:PORT
0x1988bc4	https://coroot.com/join-slack-community/
0x1988bc4	https://docs.coroot.com/
0x1988bc4	https://github.com/coroot/coroot
0x1988bc4	https://github.com/coroot/coroot/releases
0x198b84d	http://coroot:8080
0x198b84d	https://coroot.github.io/helm-charts
0x198b84d	https://github.com/coroot/coroot-node-agent
0x198b84d	https://raw.githubusercontent.com/coroot/coroot-node-agent/main/install.sh
0x198e763	https://docs.coroot.com/alerting/slo-monitoring
0x198e763	https://docs.coroot.com/configuration/application-categories
0x198e763	https://docs.coroot.com/configuration/authentication
0x198e763	https://docs.coroot.com/configuration/authentication/#single-sign-on-sso
0x198e763	https://docs.coroot.com/configuration/clickhouse
0x198e763	https://docs.coroot.com/configuration/custom-applications
0x198e763	https://docs.coroot.com/configuration/prometheus
0x198e763	https://docs.coroot.com/configuration/rbac
0x198e763	https://docs.coroot.com/logs
0x198e763	https://docs.coroot.com/profiling
0x198e763	https://docs.coroot.com/tracing
0x198e763	https://en.wikipedia.org/wiki/Glob_(programming
0x19955af	https://api.slack.com/apps?new_app=1&manifest_yaml=
0x19955af	https://coroot.com/static/img/coroot_512.png
0x19955af	https://docs.coroot.com/alerting/${t.type
0x199c72e	https://docs.aws.amazon.com/IAM/latest/UserGuide/access_policies_create-console.html#access_policies_create-json-editor
0x199c72e	https://prom.example.com:9090
0x199c72e	https://prometheus.io/docs/prometheus/latest/configuration/configuration/
0x19a368c	https://docs.aws.amazon.com/IAM/latest/UserGuide/id_users_create.html#id_users_create_console
0x19a4421	https://accounts.google.com
0x19a4421	https://docs.anthropic.com/en/api/getting-started
0x19a4421	https://openai.com/index/openai-api/
0x19ab9cb	https://coroot.com/privacy
0x19ab9cb	https://coroot.com/terms
0x19be650	https://coroot.com/docs/coroot/logs
0x19c4a7e	https://docs.coroot.com/${t.group}/${t.item}${t.hash?
0x19c4a7e	https://docs.coroot.com/ai/overview
0x19c4a7e	https://docs.coroot.com/databases/${t.type
0x19d32c2	https://coroot.com/editions
0x19e6cf1	https://docs.coroot.com/costs/overview#nodes
0x19e6cf1	https://docs.coroot.com/tracing/opentelemetry-go
0x19e6cf1	https://docs.coroot.com/tracing/opentelemetry-java
0x19e6cf1	https://docs.coroot.com/tracing/opentelemetry-python
0x19e6cf1	https://opentelemetry.io/
0x19e6cf1	https://opentelemetry.io/docs/languages/cpp/getting-started/
0x19e6cf1	https://opentelemetry.io/docs/languages/js/getting-started/
0x19e6cf1	https://opentelemetry.io/docs/languages/net/getting-started/
0x19e6cf1	https://opentelemetry.io/docs/languages/php/getting-started/
0x19e6cf1	https://opentelemetry.io/docs/languages/ruby/getting-started/
0x19e6cf1	https://opentelemetry.io/docs/languages/rust/getting-started/
0x19eec28	https://docs.coroot.com/costs/overview#applications
0x19f11be	https://docs.coroot.com/costs/
0x1ba2af6	http://fontello.com
0x1d727c4	https://docs.coroot.com/alerting/${_vm.type
0x1d82264	https://docs.coroot.com/alerting/${type
0x1df31a4	https://docs.coroot.com/${l.group}/${l.item}${l.hash
0x1df31a4	https://docs.coroot.com/databases/${_vm.type
0x1df31a4	https://docs.coroot.com/databases/${type
0x1ec5aa0	https://v2.vuetifyjs.com/getting-started/quick-start#bootstrapping-the-vuetify-object
0x1ed1c4a	https://github.com/vuetifyjs/vuetify/issues/4068
0x1ed1c4a	https://github.com/vuetifyjs/vuetify/releases/tag/v2.0.0#user-content-upgrade-guide
0x1f197cd	https://github.com/zloirock/core-js
0x1f197cd	https://github.com/zloirock/core-js/blob/v3.24.1/LICENSE
0x1f25749	https://gridstackjs.com/
0x1f25792	https://github.com/gridstack/gridstack.js/tree/master/LICENSE
0x1f32915	https://github.com/uuidjs/uuid#getrandomvalues-not-supported
0x1f4597f	http://www.w3.org/1998/Math/MathML
0x1f4597f	https://github.com/highlightjs/highlight.js/wiki/security
0x205e62c	http://localhost
0x22ef6be	https://codemirror.net/6/docs/ref/#lint.linter
0x22ef6be	https://codemirror.net/6/docs/ref/#lint.nextDiagnostic
0x22ef6be	https://codemirror.net/6/docs/ref/#lint.openLintPanel
0x22fdf8d	https://github.com/vuetifyjs/vuetify/issues/8270
0x23164db	https://developer.mozilla.org/en-US/docs/Web/API/Intersection_Observer_API
0x23164db	https://developer.mozilla.org/en-US/docs/Web/API/Touch/target
0x23164db	https://en.wikipedia.org/wiki/Collinearity
0x23164db	https://github.com/microsoft/TypeScript/pull/33050
0x23164db	https://github.com/unsplash/react-trend/blob/master/src/helpers/DOM.helpers.js#L18
0x23164db	https://github.com/vuejs/vue/issues/5089#issuecomment-284260111
0x23164db	https://github.com/vuejs/vue/issues/6872
0x23164db	https://github.com/vuejs/vue/issues/7841
0x23164db	https://github.com/vuetifyjs/vuetify/issues/13212
0x23164db	https://github.com/vuetifyjs/vuetify/issues/4460
0x23164db	https://github.com/vuetifyjs/vuetify/issues/4752
0x23164db	https://github.com/vuetifyjs/vuetify/issues/5352
0x23164db	https://github.com/vuetifyjs/vuetify/issues/5913
0x23164db	https://github.com/vuetifyjs/vuetify/issues/6892
0x23164db	https://github.com/vuetifyjs/vuetify/pull/2997
0x23164db	https://material.io/components/tabs#scrollable-tabs
0x23164db	https://material.io/components/text-fields/#filled-text-field
0x23164db	https://material.io/icons/
0x23164db	https://stackoverflow.com/questions/1248081
0x2382a39	http://dev.w3.org/csswg/css-color/#hwb-to-rgb
0x2382a39	http://jsperf.com/1-vs-infinity
0x2382a39	http://stackoverflow.com/questions/6491463/accessing-nested-javascript-objects-with-string-key#comment55278413_6491621
0x2382a39	https://en.m.wikipedia.org/wiki/Euclidean_distance#Squared_Euclidean_distance
0x2382a39	https://en.wikipedia.org/wiki/Breadth-first_search
0x2382a39	https://en.wikipedia.org/wiki/HSL_and_HSV
0x2382a39	https://github.com/alexsasharegan/vue-functional-data-merge
0x2382a39	https://github.com/mozilla/rhino/issues/346
0x2382a39	https://github.com/nuxt/vue-meta/releases/tag/v2.3.0
0x2382a39	https://github.com/tc39/proposal-array-find-from-last
0x2382a39	https://github.com/vuejs/rfcs/blob/advanced-reactivity-api/active-rfcs/0000-advanced-reactivity-api.md
0x2382a39	https://github.com/vuejs/vue/issues/10115
0x2382a39	https://github.com/vuetifyjs/vuetify/issues/2146
0x2382a39	https://github.com/vuetifyjs/vuetify/issues/4715
0x2382a39	https://github.com/zloirock/core-js/issues/86#issuecomment-115759028
0x2382a39	https://jsperf.com/object-keys-vs-for-in-with-closure/3
0x2382a39	https://tc39.es/ecma262/#sec-array.prototype.includes
0x2382a39	https://tc39.es/ecma262/#sec-array.prototype.indexof
0x2382a39	https://tc39.es/ecma262/#sec-get-regexp.prototype.flags
0x2382a39	https://tc39.es/ecma262/#sec-getmethod
0x2382a39	https://tc39.es/ecma262/#sec-hasownproperty
0x2382a39	https://tc39.es/ecma262/#sec-iscallable
0x2382a39	https://tc39.es/ecma262/#sec-lengthofarraylike
0x2382a39	https://tc39.es/ecma262/#sec-math.trunc
0x2382a39	https://tc39.es/ecma262/#sec-object.defineproperty
0x2382a39	https://tc39.es/ecma262/#sec-object.getownpropertydescriptor
0x2382a39	https://tc39.es/ecma262/#sec-object.getownpropertynames
0x2382a39	https://tc39.es/ecma262/#sec-object.getprototypeof
0x2382a39	https://tc39.es/ecma262/#sec-object.prototype.propertyisenumerable
0x2382a39	https://tc39.es/ecma262/#sec-object.setprototypeof
0x2382a39	https://tc39.es/ecma262/#sec-ordinarytoprimitive
0x2382a39	https://tc39.es/ecma262/#sec-requireobjectcoercible
0x2382a39	https://tc39.es/proposal-change-array-by-copy/#sec-%typedarray%.prototype.toReversed
0x2382a39	https://tc39.es/proposal-change-array-by-copy/#sec-%typedarray%.prototype.with
0x2382a39	https://tc39.es/proposal-change-array-by-copy/#sec-array.prototype.toReversed
0x2382a39	https://tc39.es/proposal-change-array-by-copy/#sec-array.prototype.with
0x2382a39	https://tc39.es/proposal-error-cause/#sec-errorobjects-install-error-cause
0x23b5ee8	http://gridstackjs.com/demo/float.html
0x23b5ee8	http://gridstackjs.com/demo/serialization.html
0x23b5ee8	https://bugs.chromium.org/p/v8/issues/detail?id=11294
0x23b5ee8	https://bugs.chromium.org/p/v8/issues/detail?id=12006
0x23b5ee8	https://bugs.chromium.org/p/v8/issues/detail?id=3334
0x23b5ee8	https://github.com/gridstack/gridstack.js/issues/2018
0x23b5ee8	https://github.com/gridstack/gridstack.js/issues/2033
0x23b5ee8	https://github.com/gridstack/gridstack.js/issues/2039
0x23b5ee8	https://github.com/gridstack/gridstack.js/issues/2234#issuecomment-1523796562
0x23b5ee8	https://github.com/gridstack/gridstack.js/pull/272
0x23b5ee8	https://github.com/tc39/proposal-change-array-by-copy/pull/86
0x23b5ee8	https://github.com/tc39/proposal-error-cause
0x23b5ee8	https://github.com/tc39/proposal-relative-indexing-method
0x23b5ee8	https://stackoverflow.com/questions/21064101/understanding-offsetwidth-clientwidth-scrollwidth-and-height-respectively
0x23b5ee8	https://stackoverflow.com/questions/27908339/js-touch-equivalent-for-mouseenter
0x23b5ee8	https://stackoverflow.com/questions/3968593
0x23b5ee8	https://tc39.es/ecma262/#sec-%typedarray%.prototype.set
0x23b5ee8	https://tc39.es/ecma262/#sec-tobigint
0x23b5ee8	https://tc39.es/ecma262/#sec-tointegerorinfinity
0x23b5ee8	https://tc39.es/ecma262/#sec-tolength
0x23b5ee8	https://tc39.es/ecma262/#sec-toobject
0x23b5ee8	https://tc39.es/ecma262/#sec-toprimitive
0x23b5ee8	https://tc39.es/ecma262/#sec-topropertykey
0x23b5ee8	https://tc39.es/proposal-change-array-by-copy/#sec-%typedarray%.prototype.toSorted
0x23b5ee8	https://www.w3.org/TR/css-values-3/#absolute-lengths
0x2400098	http://math.stackexchange.com/questions/45218/implementation-of-monotone-cubic-interpolation
0x2400098	https://developer.mozilla.org/en-US/docs/Web/API/CanvasRenderingContext2D/roundRect
0x2400098	https://github.com/gionkunz/chartist-js/blob/e7e78201bffe9609915e5e53cfafa29a5d6c49f9/src/scripts/interpolation.js#L240-L369
0x2400098	https://github.com/leeoniya/uPlot
0x2400098	https://stackoverflow.com/a/2254896
0x2400098	https://stackoverflow.com/a/48764436
0x2400098	https://stackoverflow.com/questions/1255512/how-to-draw-a-rounded-rectangle-using-html-canvas/7838871#7838871
0x2400098	https://stackoverflow.com/questions/15141762/how-to-initialize-a-javascript-date-to-a-particular-time-zone/53652131#53652131
0x2400098	https://www.epochconverter.com/timezones
0x2400098	https://www.timeanddate.com/time/dst/
0x2400098	https://www.timeanddate.com/time/dst/2019.html
0x2417423	http://stackoverflow.com/a/28210364/1070244
0x2417423	http://www.matts411.com/post/internet-explorer-9-oninput/
0x2417423	https://bugs.webkit.org/show_bug.cgi?id=182678
0x2417423	https://developer.mozilla.org/en-US/docs/Web/JavaScript/Reference/Global_Objects/Object/is#polyfill
0x2417423	https://flow.org/blog/2017/05/07/Strict-Function-Call-Arity/
0x2417423	https://github.com/facebook/flow/issues/285
0x2417423	https://github.com/highlightjs/highlight.js/issues/1086
0x2417423	https://github.com/highlightjs/highlight.js/issues/2140
0x2417423	https://github.com/highlightjs/highlight.js/issues/2827
0x2417423	https://github.com/highlightjs/highlight.js/issues/2833
0x2417423	https://github.com/highlightjs/highlight.js/issues/3149
0x2417423	https://github.com/paldepind/snabbdom/blob/master/LICENSE
0x2417423	https://github.com/uuidjs/uuid/pull/434
0x2417423	https://github.com/vuejs/vue-devtools
0x2417423	https://github.com/vuejs/vue-router/issues/2341
0x2417423	https://github.com/vuejs/vue-router/issues/2639
0x2417423	https://github.com/vuejs/vue-router/issues/3201
0x2417423	https://github.com/vuejs/vue-router/issues/3225
0x2417423	https://github.com/vuejs/vue-router/issues/3294
0x2417423	https://github.com/vuejs/vue-router/issues/3331
0x2417423	https://github.com/vuejs/vue-router/issues/3555
0x2417423	https://github.com/vuejs/vue-router/pull/3047
0x2417423	https://github.com/vuejs/vuex/issues/1505
0x2417423	https://next.router.vuejs.org/guide/migration/#removal-of-event-and-tag-props-in-router-link
0x2417423	https://v2.vuejs.org/v2/api/#data
0x2417423	https://v2.vuejs.org/v2/guide/components.html#data-Must-Be-a-Function
0x2417423	https://v2.vuejs.org/v2/guide/reactivity.html#Declaring-Reactive-Properties
0x2417423	https://vuejs.org/guide/deployment.html
0x2417423	https://www.w3.org/TR/html53/semantics-scripting.html#potentialcustomelementname
0x24b03cd	https://developer.mozilla.org/en-US/docs/Web/HTTP/Methods
0x24b03cd	https://httpd.apache.org
0x24b03cd	https://httpd.apache.org/docs/2.4/logs.html#accesslog
0x24b03cd	https://tools.ietf.org/html/rfc5234
0x24b03cd	https://www.angelcode.com/angelscript/
0x24b5207	https://developer.apple.com/library/archive/documentation/AppleScript/Conceptual/AppleScriptLangGuide/introduction/ASLR_intro.html
0x24b5207	https://developers.arcgis.com/arcade/
0x24b5207	https://en.cppreference.com/w/cpp/keyword
0x24b5207	https://en.cppreference.com/w/cpp/language/escape
0x24b5207	https://isocpp.org
0x24bb7b2	http://asciidoc.org
0x24bb7b2	http://www.arduino.cc
0x24bb7b2	http://www.gnu.org/software/bash/manual/html_node/Shell-Builtin-Commands.html
0x24bb7b2	https://dynamics.microsoft.com/en-us/ax-overview/
0x24bb7b2	https://www.arduino.cc
0x24bb7b2	https://www.eclipse.org/aspectj/
0x24bb7b2	https://www.gnu.org/software/bash/
0x24bb7b2	https://www.gnu.org/software/gawk/manual/gawk.html
0x24bb7b2	https://www.microchip.com/webdoc/avrassembler/avrassembler.wb_instruction_list.html
0x24c880c	https://en.wikipedia.org/wiki/Tandy_1000
0x24c97d2	https://en.wikipedia.org/wiki/Backus
0x24c9897	https://docs.microsoft.com/en-us/dynamics-nav/programming-in-c-al
0x24c9897	https://en.wikipedia.org/wiki/C_(programming_language
0x24c9897	https://esolangs.org/wiki/Brainfuck
0x24ccc6c	https://capnproto.org/capnp-tool.html
0x24cd133	http://clean.cs.ru.nl
0x24cd133	https://ceylon-lang.org
0x24cd133	https://clojure.org
0x24cd133	https://cmake.org
0x24cd133	https://developer.mozilla.org/en-US/docs/Web/JavaScript/Reference/Global_Objects
0x24d154b	http://coffeescript.org/
0x24d154b	https://coffeescript.org
0x24d154b	https://coq.inria.fr
0x24d47ec	https://cedocs.intersystems.com/latest/csp/docbook/DocBook.UI.Page.cls
0x24d57ae	http://crmsh.github.io
0x24d57ae	https://crystal-lang.org
0x24d57ae	https://dart.dev
0x24d57ae	https://developer.mozilla.org/en-US/docs/Web/CSS
0x24d57ae	https://developer.mozilla.org/en-US/docs/Web/CSS/Pseudo-classes
0x24d57ae	https://developer.mozilla.org/en-US/docs/Web/CSS/Pseudo-elements
0x24d57ae	https://developer.mozilla.org/en-US/docs/Web/HTTP/CSP
0x24d57ae	https://dlang.org
0x24d57ae	https://docs.microsoft.com/dotnet/csharp/
0x24d57ae	https://en.wikipedia.org/wiki/Zone_file
0x24d57ae	https://www.dartlang.org/
0x24d57ae	https://www.djangoproject.com
0x24d57ae	https://www.embarcadero.com/products/delphi
0x24d57ae	https://www.freepascal.org/docs-html/ref/refse6.html
0x24d57ae	https://www.gnu.org/software/diffutils/
0x24e768e	https://docs.docker.com/engine/reference/builder/
0x24e768e	https://elinux.org/Device_Tree_Reference
0x24e768e	https://en.wikipedia.org/wiki/Batch_file
0x24e768e	https://en.wikipedia.org/wiki/Extended_Backus
0x24e768e	https://www.dustjs.com
0x24e9cae	https://elixir-lang.org
0x24e9cae	https://elixir-lang.readthedocs.io/en/latest/intro/18.html
0x24e9cae	https://elm-lang.org
0x24e9cae	https://en.wikipedia.org/wiki/Fortran
0x24e9cae	https://flix.dev/
0x24e9cae	https://products.office.com/en-us/excel/
0x24e9cae	https://ruby-doc.org/stdlib-2.6.5/libdoc/erb/rdoc/ERB.html
0x24e9cae	https://web.archive.org/web/20160513042710/https://support.office.com/en-us/article/Excel-functions-alphabetical-b3944572-255d-4efb-bb96-c6d90033e188
0x24e9cae	https://www.erlang.org
0x24f3ff3	http://golang.org/
0x24f3ff3	http://golo-lang.org/
0x24f3ff3	http://haml.info
0x24f3ff3	https://cucumber.io/docs/gherkin/
0x24f3ff3	https://developer.mozilla.org/en-US/docs/Web/HTTP/Overview
0x24f3ff3	https://docs.microsoft.com/en-us/dotnet/fsharp/
0x24f3ff3	https://docs2.yoyogames.com
0x24f3ff3	https://downloads.haskell.org/ghc/9.0.1/docs/html/users_guide/exts/binary_literals.html
0x24f3ff3	https://downloads.haskell.org/ghc/9.0.1/docs/html/users_guide/exts/hex_float_literals.html
0x24f3ff3	https://downloads.haskell.org/ghc/9.0.1/docs/html/users_guide/exts/numeric_underscores.html
0x24f3ff3	https://en.wikipedia.org/wiki/Hot_Soup_Processor
0x24f3ff3	https://en.wikipedia.org/wiki/OpenGL_Shading_Language
0x24f3ff3	https://gradle.org
0x24f3ff3	https://groovy-lang.org
0x24f3ff3	https://handlebarsjs.com
0x24f3ff3	https://handlebarsjs.com/guide/expressions.html#literal-segments
0x24f3ff3	https://haxe.org
0x24f3ff3	https://www.aptech.com
0x24f3ff3	https://www.gams.com
0x24f3ff3	https://www.haskell.org
0x24f3ff3	https://www.haskell.org/onlinereport/lexemes.html
0x24f3ff3	https://www.sis.se/api/document/preview/911952/
0x251d082	http://docs.hylang.org/en/stable/
0x251d082	http://inform7.com
0x251d082	http://irpf90.ups-tlse.fr
0x251d082	https://github.com/toml-lang/toml
0x253d11d	https://developer.mozilla.org/en-US/docs/Web/JavaScript
0x253d11d	https://docs.oracle.com/javase/specs/jls/se15/html/jls-3.html#jls-3.10
0x253d11d	https://github.com/highlightjs/highlight.js/issues/3276
0x253d11d	https://github.com/highlightjs/highlight.js/issues/3288
0x253d11d	https://tc39.es/ecma262/#sec-additional-syntax-numeric-literals
0x253d11d	https://tc39.es/ecma262/#sec-literals-numeric-literals
0x253d11d	https://www.java.com/
0x25435f2	http://www.json.org
0x25435f2	https://docs.jboss.org/author/display/WFLY/Command+Line+Interface
0x25435f2	https://docs.julialang.org/en/v1/manual/variables/#Allowed-Variable-Names
0x25435f2	https://juliadocs.github.io/Documenter.jl/latest/man/doctests.html
0x25435f2	https://julialang.org
0x2545436	http://lesscss.org
0x2545436	http://www.lassosoft.com/What-Is-Lasso
0x2545436	https://docs.julialang.org/en/v1/manual/integers-and-floating-point-numbers/
0x2545436	https://en.wikipedia.org/wiki/LDAP_Data_Interchange_Format
0x2545436	https://kotlinlang.org
0x2545436	https://kotlinlang.org/docs/reference/whatsnew11.html#underscores-in-numeric-literals
0x2545436	https://vapor.github.io/documentation/guide/leaf.html
0x2545436	https://www.latex-project.org
0x2550ab0	http://livescript.net/
0x2550ab0	http://wiki.secondlife.com/wiki/LSL_Portal
0x2550ab0	https://livescript.net
0x2550ab0	https://llvm.org/docs/LangRef.html
0x2550ab0	https://llvm.org/docs/LangRef.html#namedmetadatastructure
0x2550ab0	https://www.lua.org
0x255b41f	http://maxima.sourceforge.net
0x255b41f	http://mizar.org/language/
0x255b41f	http://moonscript.org/
0x255b41f	http://www.autodesk.com/products/autodesk-maya/overview
0x255b41f	https://blitzresearch.itch.io/monkey2
0x255b41f	https://daringfireball.net/projects/markdown/
0x255b41f	https://en.wikipedia.org/wiki/MIPS_architecture
0x255b41f	https://github.com/kornilova-l/matlab-IntelliJ-plugin/blob/master/src/main/grammar/Matlab.bnf
0x255b41f	https://mojolicious.org
0x255b41f	https://wltools.github.io/LanguageSpec/Specification/Syntax/Number-representations/
0x255b41f	https://www.gnu.org/software/make/manual/html_node/Introduction.html
0x255b41f	https://www.mathworks.com/products/matlab.html
0x255b41f	https://www.mercurylang.org
0x255b41f	https://www.wolfram.com/mathematica/
0x2594d34	http://developer.couchbase.com/documentation/server/4.5/n1ql/n1ql-language-reference/functions.html
0x2594d34	http://developer.couchbase.com/documentation/server/4.5/n1ql/n1ql-language-reference/literals.html
0x2594d34	http://developer.couchbase.com/documentation/server/current/n1ql/n1ql-language-reference/reservedwords.html
0x2594d34	https://nestedtext.org/
0x2594d34	https://nim-lang.org
0x2594d34	https://www.couchbase.com/products/n1ql
0x2594d34	https://www.nginx.com
0x25989f2	http://nixos.org/nix
0x25989f2	https://nsis.sourceforge.io/Main_Page
0x259c083	https://developer.apple.com/documentation/objectivec
0x259c083	https://ocaml.org
0x259c083	https://perldoc.perl.org/perlre#Modifiers
0x259c083	https://www.elementscompiler.com/elements/default.aspx
0x259c083	https://www.openscad.org
0x259c083	https://www.parser.ru/en/
0x259c083	https://www.perl.org
0x25a1dad	http://man.openbsd.org/pf.conf
0x25a1dad	http://www.purebasic.fr/english/viewtopic.php?&p=506269
0x25a1dad	https://developers.google.com/protocol-buffers/docs/proto3
0x25a1dad	https://doc.qt.io/qt-5/qmlapplications.html
0x25a1dad	https://docs.microsoft.com/en-us/powershell/
0x25a1dad	https://docs.microsoft.com/en-us/powershell/scripting/developer/cmdlet/approved-verbs-for-windows-powershell-commands
0x25a1dad	https://docs.python.org/2.7/reference/lexical_analysis.html#integer-and-long-integer-literals
0x25a1dad	https://docs.python.org/3.9/reference/lexical_analysis.html#floating-point-literals
0x25a1dad	https://docs.python.org/3.9/reference/lexical_analysis.html#imaginary-literals
0x25a1dad	https://docs.python.org/3.9/reference/lexical_analysis.html#integer-literals
0x25a1dad	https://docs.python.org/3.9/reference/lexical_analysis.html#numeric-literals
0x25a1dad	https://docs.python.org/3.9/reference/lexical_analysis.html#whitespace-between-tokens
0x25a1dad	https://docs.python.org/3/library/typing.html
0x25a1dad	https://en.wikipedia.org/wiki/.properties
0x25a1dad	https://en.wikipedia.org/wiki/Prolog
0x25a1dad	https://github.com/easybook/geshi/blob/master/geshi/purebasic.php
0x25a1dad	https://github.com/tajmone/purebasic-archives/tree/master/syntax-highlighting/guidelines
0x25a1dad	https://kx.com/connect-with-us/developers/
0x25a1dad	https://processing.org
0x25a1dad	https://puppet.com/docs
0x25a1dad	https://www.php.net
0x25a1dad	https://www.php.net/manual/en/book.spl.php
0x25a1dad	https://www.php.net/manual/en/language.constants.predefined.php
0x25a1dad	https://www.php.net/manual/en/language.types.type-juggling.php
0x25a1dad	https://www.php.net/manual/en/reserved.classes.php
0x25a1dad	https://www.php.net/manual/en/reserved.interfaces.php
0x25a1dad	https://www.php.net/manual/en/reserved.php
0x25a1dad	https://www.ponylang.io
0x25a1dad	https://www.postgresql.org/docs/11/sql.html
0x25a1dad	https://www.postgresql.org/docs/11/static/datatype.html
0x25a1dad	https://www.postgresql.org/docs/11/static/functions-admin.html
0x25a1dad	https://www.postgresql.org/docs/11/static/functions-aggregate.html
0x25a1dad	https://www.postgresql.org/docs/11/static/functions-array.html
0x25a1dad	https://www.postgresql.org/docs/11/static/functions-binarystring.html
0x25a1dad	https://www.postgresql.org/docs/11/static/functions-comparison.html
0x25a1dad	https://www.postgresql.org/docs/11/static/functions-conditional.html
0x25a1dad	https://www.postgresql.org/docs/11/static/functions-datetime.html
0x25a1dad	https://www.postgresql.org/docs/11/static/functions-enum.html
0x25a1dad	https://www.postgresql.org/docs/11/static/functions-formatting.html
0x25a1dad	https://www.postgresql.org/docs/11/static/functions-geometry.html
0x25a1dad	https://www.postgresql.org/docs/11/static/functions-info.html
0x25a1dad	https://www.postgresql.org/docs/11/static/functions-json.html
0x25a1dad	https://www.postgresql.org/docs/11/static/functions-math.html
0x25a1dad	https://www.postgresql.org/docs/11/static/functions-net.html
0x25a1dad	https://www.postgresql.org/docs/11/static/functions-range.html
0x25a1dad	https://www.postgresql.org/docs/11/static/functions-sequence.html
0x25a1dad	https://www.postgresql.org/docs/11/static/functions-srf.html
0x25a1dad	https://www.postgresql.org/docs/11/static/functions-string.html
0x25a1dad	https://www.postgresql.org/docs/11/static/functions-textsearch.html
0x25a1dad	https://www.postgresql.org/docs/11/static/functions-trigger.html
0x25a1dad	https://www.postgresql.org/docs/11/static/functions-window.html
0x25a1dad	https://www.postgresql.org/docs/11/static/functions-xml.html
0x25a1dad	https://www.postgresql.org/docs/11/static/sql-commands.html
0x25a1dad	https://www.postgresql.org/docs/11/static/sql-keywords-appendix.html
0x25a1dad	https://www.postgresql.org/docs/11/static/sql-syntax-lexical.html#SQL-SYNTAX-CONSTANTS
0x25a1dad	https://www.postgresql.org/docs/current/static/errcodes-appendix.html
0x25a1dad	https://www.purebasic.com
0x25a1dad	https://www.python.org
0x25a1dad	https://www.r-project.org
0x25bb7e1	http://community.schemewiki.org/?scheme-keywords
0x25bb7e1	http://community.schemewiki.org/?what-is-scheme
0x25bb7e1	http://roboconf.net
0x25bb7e1	https://docs.oracle.com/cd/E17904_01/dev.1111/e10227/rlref.htm
0x25bb7e1	https://docs.ruby-lang.org/en/2.7.0/doc/syntax/literals_rdoc.html#label-Numbers
0x25bb7e1	https://en.wikipedia.org/wiki/Smalltalk
0x25bb7e1	https://github.com/JesusFreke/smali
0x25bb7e1	https://github.com/highlightjs/highlight.js/issues/2521
0x25bb7e1	https://reasonml.github.io
0x25bb7e1	https://renderman.pixar.com/resources/RenderMan_20/ribBinding.html
0x25bb7e1	https://renderman.pixar.com/resources/RenderMan_20/shadingLanguage.html
0x25bb7e1	https://sass-lang.com
0x25bb7e1	https://wiki.mikrotik.com/wiki/Manual:Scripting
0x25bb7e1	https://www.ruby-lang.org/
0x25bb7e1	https://www.rust-lang.org
0x25bb7e1	https://www.scala-lang.org
0x25bb7e1	https://www.scilab.org
0x25bb7e1	https://www.smlnj.org
0x25d1c8b	http://mc-stan.org/
0x25d1c8b	http://vimdoc.sourceforge.net/htmldoc/
0x25d1c8b	http://www.verilog.com
0x25d1c8b	http://xlr.sf.net
0x25d1c8b	https://bugs.kde.org/show_bug.cgi?id=135646
0x25d1c8b	https://community.bistudio.com/wiki/Functions_Library_(Arma_3)#Adding_a_Function
0x25d1c8b	https://community.bistudio.com/wiki/PreProcessor_Commands
0x25d1c8b	https://community.bistudio.com/wiki/SQF_syntax
0x25d1c8b	https://docs.microsoft.com/dotnet/visual-basic/getting-started
0x25d1c8b	https://docs.microsoft.com/dotnet/visual-basic/language-reference/data-types
0x25d1c8b	https://docs.microsoft.com/dotnet/visual-basic/language-reference/functions/type-conversion-functions
0x25d1c8b	https://docs.microsoft.com/dotnet/visual-basic/language-reference/operators
0x25d1c8b	https://docs.swift.org/swift-book/ReferenceManual/Attributes.html
0x25d1c8b	https://docs.swift.org/swift-book/ReferenceManual/Declarations.html#ID362
0x25d1c8b	https://docs.swift.org/swift-book/ReferenceManual/Declarations.html#ID375
0x25d1c8b	https://docs.swift.org/swift-book/ReferenceManual/Declarations.html#ID379
0x25d1c8b	https://docs.swift.org/swift-book/ReferenceManual/Declarations.html#ID380
0x25d1c8b	https://docs.swift.org/swift-book/ReferenceManual/Declarations.html#ID550
0x25d1c8b	https://docs.swift.org/swift-book/ReferenceManual/Expressions.html#ID552
0x25d1c8b	https://docs.swift.org/swift-book/ReferenceManual/LexicalStructure.html#ID411
0x25d1c8b	https://docs.swift.org/swift-book/ReferenceManual/LexicalStructure.html#ID412
0x25d1c8b	https://docs.swift.org/swift-book/ReferenceManual/LexicalStructure.html#ID413
0x25d1c8b	https://docs.swift.org/swift-book/ReferenceManual/LexicalStructure.html#ID418
0x25d1c8b	https://docs.swift.org/swift-book/ReferenceManual/LexicalStructure.html#grammar_numeric-literal
0x25d1c8b	https://docs.swift.org/swift-book/ReferenceManual/LexicalStructure.html#grammar_string-literal
0x25d1c8b	https://docs.swift.org/swift-book/ReferenceManual/Types.html
0x25d1c8b	https://docs.swift.org/swift-book/ReferenceManual/zzSummaryOfTheGrammar.html
0x25d1c8b	https://docs.zephir-lang.com/0.12/en/types
0x25d1c8b	https://en.wikipedia.org/wiki/ISO_10303-21
0x25d1c8b	https://en.wikipedia.org/wiki/SQL
0x25d1c8b	https://en.wikipedia.org/wiki/Stata
0x25d1c8b	https://en.wikipedia.org/wiki/VBScript
0x25d1c8b	https://en.wikipedia.org/wiki/VHDL
0x25d1c8b	https://en.wikipedia.org/wiki/X86_assembly_language
0x25d1c8b	https://gist.github.com/joshgoebel/dcd33f82d4059a907c986049893843cf
0x25d1c8b	https://github.com/PrismJS/prism/blob/c53ad2e65b7193ab4f03a1797506a54bbb33d5a2/components/prism-stan.js#L56
0x25d1c8b	https://github.com/apple/swift/tree/main/stdlib/public/core
0x25d1c8b	https://github.com/drewmcdonald/stata-highlighting
0x25d1c8b	https://github.com/highlightjs/highlightjs-tsql
0x25d1c8b	https://github.com/phalcon/zephir/blob/master/Library/Expression/Constants.php
0x25d1c8b	https://github.com/stan-dev/docs
0x25d1c8b	https://github.com/stylus/stylus
0x25d1c8b	https://jakewheat.github.io/sql-overview/sql-2016-foundation-grammar.html#reserved-word
0x25d1c8b	https://picard.musicbrainz.org
0x25d1c8b	https://pypi.org/project/python-subunit/
0x25d1c8b	https://swift.org
0x25d1c8b	https://testanything.org
0x25d1c8b	https://thrift.apache.org
0x25d1c8b	https://twig.symfony.com
0x25d1c8b	https://webassembly.org
0x25d1c8b	https://wiki.gnome.org/Projects/Vala
0x25d1c8b	https://wren.io/
0x25d1c8b	https://www.regexpal.com/?fam=99749
0x25d1c8b	https://www.tcl.tk/about/language.html
0x25d1c8b	https://www.typescriptlang.org
0x25d1c8b	https://www.vim.org
0x25d1c8b	https://www.w3.org/TR/xml/#NT-NameChar
0x25d1c8b	https://www.w3.org/TR/xquery/#id-computedConstructors
0x25d1c8b	https://www.w3.org/TR/xquery/#id-terminal-delimitation
0x25d1c8b	https://www.w3.org/XML/
0x25d1c8b	https://www.w3.org/XML/Query/
0x25d1c8b	https://yaml.org
0x25d1c8b	https://yaml.org/spec/1.2/spec.html#id2784064
0x25d1c8b	https://zephir-lang.com/en
0x2615155	https://codemirror.net/6/docs/ref/#autocomplete.CompletionContext.aborted
0x2615155	https://codemirror.net/6/docs/ref/#autocomplete.CompletionResult.update
0x2615155	https://codemirror.net/6/docs/ref/#autocomplete.CompletionResult.validFor
0x2623c4b	https://codemirror.net/6/docs/ref/#autocomplete.Completion.apply
0x2623c4b	https://codemirror.net/6/docs/ref/#autocomplete.clearSnippet
0x2623c4b	https://codemirror.net/6/docs/ref/#autocomplete.nextSnippetField
0x2623c4b	https://codemirror.net/6/docs/ref/#autocomplete.prevSnippetField
0x2623c4b	https://codemirror.net/6/docs/ref/#language.indentUnit
0x2623c4b	https://codemirror.net/6/docs/ref/#state.EditorState.charCategorizer
0x26279c7	https://codemirror.net/6/docs/ref/#autocomplete.deleteBracketPair
0x262843e	https://codemirror.net/6/docs/ref/#autocomplete.acceptCompletion
0x262843e	https://codemirror.net/6/docs/ref/#autocomplete.closeBrackets
0x262843e	https://codemirror.net/6/docs/ref/#autocomplete.closeCompletion
0x262843e	https://codemirror.net/6/docs/ref/#autocomplete.moveCompletionSelection
0x262843e	https://codemirror.net/6/docs/ref/#autocomplete.startCompletion
0x262843e	https://codemirror.net/6/docs/ref/#language.LRLanguage
0x262843e	https://codemirror.net/6/docs/ref/#language.Language
0x262843e	https://codemirror.net/6/docs/ref/#language.StreamLanguage
0x262843e	https://codemirror.net/6/docs/ref/#language.defineLanguageFacet
0x262843e	https://codemirror.net/6/docs/ref/#language.languageDataProp
0x262843e	https://codemirror.net/6/docs/ref/#state.EditorState.languageDataAt
0x262843e	https://lezer.codemirror.net
0x262843e	https://lezer.codemirror.net/
0x262843e	https://lezer.codemirror.net/docs/ref#lr.LRParser
0x262d234	https://codemirror.net/6/docs/ref/#language.IndentContext.constructor^options.simulateBreak
0x262d234	https://codemirror.net/6/docs/ref/#language.LanguageDescription.extensions
0x262d234	https://codemirror.net/6/docs/ref/#language.LanguageDescription.filename
0x262d234	https://codemirror.net/6/docs/ref/#language.LanguageSupport
0x262d234	https://codemirror.net/6/docs/ref/#language.ParseContext.skipUntilInView
0x262d234	https://codemirror.net/6/docs/ref/#language.TreeIndentContext.baseIndent
0x262d234	https://codemirror.net/6/docs/ref/#language.foldNodeProp
0x262d234	https://codemirror.net/6/docs/ref/#language.foldService
0x262d234	https://codemirror.net/6/docs/ref/#language.indentNodeProp
0x262d234	https://codemirror.net/6/docs/ref/#language.indentService
0x262d234	https://codemirror.net/6/docs/ref/#language.indentString
0x262d234	https://codemirror.net/6/docs/ref/#language.syntaxParserRunning
0x262d234	https://codemirror.net/6/docs/ref/#state.EditorState^tabSize
0x262d234	https://codemirror.net/6/docs/ref/#state.Text
0x262d234	https://lezer.codemirror.net/docs/ref#common.Input
0x26371dc	https://codemirror.net/6/docs/ref/#language.foldAll
0x26371dc	https://codemirror.net/6/docs/ref/#language.foldCode
0x26371dc	https://codemirror.net/6/docs/ref/#language.foldGutter
0x26371dc	https://codemirror.net/6/docs/ref/#language.syntaxTree
0x26371dc	https://codemirror.net/6/docs/ref/#language.unfoldAll
0x26371dc	https://codemirror.net/6/docs/ref/#language.unfoldCode
0x26371dc	https://codemirror.net/6/docs/ref/#state.EditorState.toJSON
0x26371dc	https://codemirror.net/6/docs/ref/#state.EditorState^fromJSON
0x26371dc	https://codemirror.net/6/docs/ref/#state.RangeSet
0x26371dc	https://codemirror.net/6/docs/ref/#view.DecorationSet
0x2639a6b	https://codemirror.net/6/docs/ref/#language.HighlightStyle^define^options.scope
0x2639a6b	https://github.com/marijnh/style-mod#documentation)-style
0x2639a6b	https://lezer.codemirror.net/docs/ref#highlight.Tag
0x263d17c	http://www.unicode.org/Public/16.0.0/ucd/auxiliary/GraphemeBreakProperty.txt
0x263d17c	https://codemirror.net/6/docs/ref/#language.StreamParser
0x263d17c	https://codemirror.net/6/docs/ref/#state.ChangeDesc.mapPos
0x263d17c	https://codemirror.net/6/docs/ref/#state.ChangeDesc.toJSON
0x263d17c	https://codemirror.net/6/docs/ref/#state.ChangeSet
0x263d17c	https://codemirror.net/6/docs/ref/#state.ChangeSet.iterChanges
0x263d17c	https://codemirror.net/6/docs/ref/#state.Text.lineAt
0x263d17c	https://codemirror.net/6/docs/ref/#state.Text^of
0x263d17c	https://developer.mozilla.org/en-US/docs/Web/JavaScript/Reference/Global_Objects/String/codePointAt
0x263d17c	https://developer.mozilla.org/en-US/docs/Web/JavaScript/Reference/Global_Objects/String/fromCodePoint
0x263d17c	https://lezer.codemirror.net/docs/ref/#common.NodeProp^isolate
0x264d579	https://codemirror.net/6/docs/ref/#state.ChangeDesc
0x264d579	https://codemirror.net/6/docs/ref/#state.ChangeSet.toJSON
0x264d579	https://codemirror.net/6/docs/ref/#state.EditorSelection
0x264d579	https://codemirror.net/6/docs/ref/#state.EditorState^allowMultipleSelections
0x264d579	https://en.wikipedia.org/wiki/Operational_transformation
0x2651239	https://codemirror.net/6/docs/ref/#state.Annotation
0x2651239	https://codemirror.net/6/docs/ref/#state.Compartment
0x2651239	https://codemirror.net/6/docs/ref/#state.Compartment.of
0x2651239	https://codemirror.net/6/docs/ref/#state.Compartment.reconfigure
0x2651239	https://codemirror.net/6/docs/ref/#state.EditorSelection.map
0x2651239	https://codemirror.net/6/docs/ref/#state.EditorState.changeByRange
0x2651239	https://codemirror.net/6/docs/ref/#state.EditorState.facet
0x2651239	https://codemirror.net/6/docs/ref/#state.EditorState.update
0x2651239	https://codemirror.net/6/docs/ref/#state.EditorStateConfig.extensions
0x2651239	https://codemirror.net/6/docs/ref/#state.EditorState^lineSeparator
0x2651239	https://codemirror.net/6/docs/ref/#state.EditorState^transactionFilter
0x2651239	https://codemirror.net/6/docs/ref/#state.Extension
0x2651239	https://codemirror.net/6/docs/ref/#state.Facet
0x2651239	https://codemirror.net/6/docs/ref/#state.Facet.from
0x2651239	https://codemirror.net/6/docs/ref/#state.FacetReader
0x2651239	https://codemirror.net/6/docs/ref/#state.Prec.default
0x2651239	https://codemirror.net/6/docs/ref/#state.SelectionRange.assoc
0x2651239	https://codemirror.net/6/docs/ref/#state.SelectionRange.extend
0x2651239	https://codemirror.net/6/docs/ref/#state.StateEffect
0x2651239	https://codemirror.net/6/docs/ref/#state.StateEffect.map
0x2651239	https://codemirror.net/6/docs/ref/#state.StateEffectType
0x2651239	https://codemirror.net/6/docs/ref/#state.StateEffect^appendConfig
0x2651239	https://codemirror.net/6/docs/ref/#state.StateEffect^define
0x2651239	https://codemirror.net/6/docs/ref/#state.StateEffect^reconfigure
0x2651239	https://codemirror.net/6/docs/ref/#state.StateField
0x2651239	https://codemirror.net/6/docs/ref/#state.Transaction
0x2651239	https://codemirror.net/6/docs/ref/#state.Transaction.effects
0x2651239	https://codemirror.net/6/docs/ref/#state.Transaction.isUserEvent
0x2651239	https://codemirror.net/6/docs/ref/#state.Transaction.selection
0x2651239	https://codemirror.net/6/docs/ref/#state.Transaction.state
0x2651239	https://codemirror.net/6/docs/ref/#state.TransactionSpec
0x2651239	https://codemirror.net/6/docs/ref/#state.TransactionSpec.changes
0x2651239	https://codemirror.net/6/docs/ref/#state.TransactionSpec.effects
0x2651239	https://codemirror.net/6/docs/ref/#state.TransactionSpec.selection
0x2651239	https://codemirror.net/6/docs/ref/#state.TransactionSpec.sequential
0x2651239	https://codemirror.net/6/docs/ref/#state.Transaction^time
0x2651239	https://codemirror.net/6/docs/ref/#state.Transaction^userEvent
0x2651239	https://codemirror.net/6/docs/ref/#view.EditorView.dispatch
0x2651239	https://codemirror.net/6/docs/ref/#view.EditorView.moveVertically
0x2651239	https://codemirror.net/6/docs/ref/#view.EditorView^editorAttributes
0x2651239	https://codemirror.net/6/docs/ref/#view.EditorView^updateListener
0x265eeb4	https://codemirror.net/6/docs/ref/#autocomplete.CloseBracketConfig
0x265eeb4	https://codemirror.net/6/docs/ref/#autocomplete.autocompletion^config.override
0x265eeb4	https://codemirror.net/6/docs/ref/#commands.CommentTokens
0x265eeb4	https://codemirror.net/6/docs/ref/#state.CharCategory.Word
0x265eeb4	https://codemirror.net/6/docs/ref/#state.EditorState.phrase
0x265eeb4	https://codemirror.net/6/docs/ref/#state.EditorState.readOnly
0x265eeb4	https://codemirror.net/6/docs/ref/#state.EditorState^languageData
0x265eeb4	https://codemirror.net/6/docs/ref/#state.EditorState^phrases
0x265eeb4	https://codemirror.net/6/docs/ref/#state.EditorState^readOnly
0x265eeb4	https://codemirror.net/6/docs/ref/#state.Range
0x265eeb4	https://codemirror.net/6/docs/ref/#state.RangeSet.map
0x265eeb4	https://codemirror.net/6/docs/ref/#state.RangeSet.update
0x265eeb4	https://codemirror.net/6/docs/ref/#state.SpanIterator.span
0x265eeb4	https://codemirror.net/6/docs/ref/#state.TransactionSpec.annotations
0x265eeb4	https://codemirror.net/6/docs/ref/#state.TransactionSpec.filter
0x265eeb4	https://codemirror.net/6/docs/ref/#state.findClusterBreak
0x265eeb4	https://codemirror.net/6/docs/ref/#view.EditorView^editable
0x265eeb4	https://codemirror.net/6/docs/ref/#view.drawSelection
0x265eeb4	https://developer.microsoft.com/en-us/microsoft-edge/platform/issues/8860571/
0x26761e5	https://bugzilla.mozilla.org/show_bug.cgi?id=1612076
0x26761e5	https://codemirror.net/6/docs/ref/#view.Decoration^replace
0x26761e5	https://codemirror.net/6/docs/ref/#view.EditorView.textDirection
0x26761e5	https://codemirror.net/6/docs/ref/#view.EditorView.viewport
0x26761e5	https://codemirror.net/6/docs/ref/#view.EditorView.visibleRanges
0x26761e5	https://codemirror.net/6/docs/ref/#view.EditorView^decorations
0x26761e5	https://codemirror.net/6/docs/ref/#view.EditorView^exceptionSink
0x26761e5	https://codemirror.net/6/docs/ref/#view.ViewPlugin
0x26761e5	https://codemirror.net/6/docs/ref/#view.ViewUpdate.viewportChanged
0x26761e5	https://unicode.org/reports/tr9/#Basic_Display_Algorithm
0x26761e5	https://www.stum.de/2016/06/24/handling-ime-events-in-javascript/
0x26761e5	https://www.unicode.org/Public/UCD/latest/ucd/BidiBrackets.txt
0x2699a6c	https://bugzilla.mozilla.org/show_bug.cgi?id=995961
0x2699a6c	https://github.com/codemirror/dev/issues/1082
0x2699a6c	https://github.com/codemirror/dev/issues/414
0x2699a6c	https://github.com/codemirror/dev/issues/456
0x26b7de7	https://codemirror.net/6/docs/ref/#state.SelectionRange.goalColumn
0x26b7de7	https://codemirror.net/6/docs/ref/#view.EditorView.documentTop
0x26b7de7	https://codemirror.net/6/docs/ref/#view.EditorView.lineBlockAt
0x26b7de7	https://codemirror.net/6/docs/ref/#view.EditorView.lineWrapping
0x26b7de7	https://codemirror.net/6/docs/ref/#view.EditorView^perLineTextDirection
0x26b7de7	https://developer.mozilla.org/en-US/docs/Web/CSS/direction
0x26b7de7	https://developer.mozilla.org/en-US/docs/Web/CSS/white-space
0x26b7de7	https://en.wikipedia.org/wiki/Input_method
0x26c00ec	https://codemirror.net/6/docs/ref/##view.EditorViewConfig.root
0x26c00ec	https://codemirror.net/6/docs/ref/#view.EditorView.contentDOM
0x26c00ec	https://codemirror.net/6/docs/ref/#view.EditorView.dom
0x26c00ec	https://codemirror.net/6/docs/ref/#view.EditorView.scrollDOM
0x26c00ec	https://codemirror.net/6/docs/ref/#view.EditorViewConfig.scrollTo
0x26c00ec	https://codemirror.net/6/docs/ref/#view.EditorView^domEventHandlers
0x26c00ec	https://github.com/marijnh/style-mod#documentation
0x26c1c79	https://codemirror.net/6/docs/ref/#view.Decoration
0x26c1c79	https://codemirror.net/6/docs/ref/#view.Direction
0x26c1c79	https://codemirror.net/6/docs/ref/#view.EditorView.constructor^config.root
0x26c1c79	https://codemirror.net/6/docs/ref/#view.EditorView^baseTheme
0x26c1c79	https://codemirror.net/6/docs/ref/#view.EditorView^theme
0x26c1c79	https://codemirror.net/6/docs/ref/#view.logException
0x26c31f4	https://codemirror.net/6/docs/ref/#view.EditorView.moveByChar
0x26c31f4	https://codemirror.net/6/docs/ref/#view.EditorView^atomicRanges
0x26c31f4	https://codemirror.net/6/docs/ref/#view.LayerMarker
0x26c31f4	https://codemirror.net/6/docs/ref/#view.MarkDecorationSpec.bidiIsolate
0x26cea01	https://codemirror.net/6/docs/ref/#state.SelectionRange
0x26cea01	https://codemirror.net/6/docs/ref/#view.rectangularSelection
0x26d6b61	https://codemirror.net/6/docs/ref/#view.GutterMarker.elementClass
0x26d6b61	https://codemirror.net/6/docs/ref/#view.GutterMarker.toDOM
0x26d6b61	https://codemirror.net/6/docs/ref/#view.highlightActiveLine
0x26d6b61	https://codemirror.net/docs/ref/#language.syntaxTree
0x26d6b61	https://developer.mozilla.org/en-US/docs/Web/CSS/position#sticky
0x26d6b61	https://en.wikipedia.org/wiki/Tree_traversal#Pre-order,_NLR
0x26f3e5c	https://github.com/codemirror/codemirror.next
0x26f6a8c	http://www.google.com
0x26f6a8c	https://developer.mozilla.org/docs/Web/API/XMLHttpRequest/error_event
0x26f6a8c	https://github.com/DigitalBrainJS/AxiosPromise/blob/16deab13710ec09779922131f3fa5954320f83ab/lib/utils.js#L11-L34
0x26f6a8c	https://github.com/cloudflare/workerd/issues/902
0x26f6a8c	https://nodejs.org/api/http.html#http_message_headers
0x271581c	https://cloud.google.com/bigquery/docs/reference/#standard-sql-reference
0x271581c	https://cloud.google.com/bigquery/docs/reference/legacy-sql
0x271581c	https://cloud.google.com/bigquery/docs/reference/standard-sql/aead_encryption_functions
0x271581c	https://cloud.google.com/bigquery/docs/reference/standard-sql/aggregate_analytic_functions
0x271581c	https://cloud.google.com/bigquery/docs/reference/standard-sql/aggregate_functions
0x271581c	https://cloud.google.com/bigquery/docs/reference/standard-sql/approximate_aggregate_functions
0x271581c	https://cloud.google.com/bigquery/docs/reference/standard-sql/array_functions
0x271581c	https://cloud.google.com/bigquery/docs/reference/standard-sql/bit_functions
0x271581c	https://cloud.google.com/bigquery/docs/reference/standard-sql/conditional_expressions
0x271581c	https://cloud.google.com/bigquery/docs/reference/standard-sql/conversion_functions
0x271581c	https://cloud.google.com/bigquery/docs/reference/standard-sql/conversion_functions#formatting_syntax
0x271581c	https://cloud.google.com/bigquery/docs/reference/standard-sql/data-control-language
0x271581c	https://cloud.google.com/bigquery/docs/reference/standard-sql/data-definition-language
0x271581c	https://cloud.google.com/bigquery/docs/reference/standard-sql/data-types#parameterized_data_types
0x271581c	https://cloud.google.com/bigquery/docs/reference/standard-sql/date_functions
0x271581c	https://cloud.google.com/bigquery/docs/reference/standard-sql/datetime_functions
0x271581c	https://cloud.google.com/bigquery/docs/reference/standard-sql/debugging-statements
0x271581c	https://cloud.google.com/bigquery/docs/reference/standard-sql/debugging_functions
0x271581c	https://cloud.google.com/bigquery/docs/reference/standard-sql/dml-syntax
0x271581c	https://cloud.google.com/bigquery/docs/reference/standard-sql/federated_query_functions
0x271581c	https://cloud.google.com/bigquery/docs/reference/standard-sql/functions-and-operators#array_subscript_operator
0x271581c	https://cloud.google.com/bigquery/docs/reference/standard-sql/geography_functions
0x271581c	https://cloud.google.com/bigquery/docs/reference/standard-sql/hash_functions
0x271581c	https://cloud.google.com/bigquery/docs/reference/standard-sql/hll_functions
0x271581c	https://cloud.google.com/bigquery/docs/reference/standard-sql/interval_functions
0x271581c	https://cloud.google.com/bigquery/docs/reference/standard-sql/json_functions
0x271581c	https://cloud.google.com/bigquery/docs/reference/standard-sql/lexical#reserved_keywords
0x271581c	https://cloud.google.com/bigquery/docs/reference/standard-sql/mathematical_functions
0x271581c	https://cloud.google.com/bigquery/docs/reference/standard-sql/navigation_functions
0x271581c	https://cloud.google.com/bigquery/docs/reference/standard-sql/net_functions
0x271581c	https://cloud.google.com/bigquery/docs/reference/standard-sql/numbering_functions
0x271581c	https://cloud.google.com/bigquery/docs/reference/standard-sql/other-statements
0x271581c	https://cloud.google.com/bigquery/docs/reference/standard-sql/query-syntax
0x271581c	https://cloud.google.com/bigquery/docs/reference/standard-sql/query-syntax#tablesample_operator
0x271581c	https://cloud.google.com/bigquery/docs/reference/standard-sql/scripting
0x271581c	https://cloud.google.com/bigquery/docs/reference/standard-sql/security_functions
0x271581c	https://cloud.google.com/bigquery/docs/reference/standard-sql/statistical_aggregate_functions
0x271581c	https://cloud.google.com/bigquery/docs/reference/standard-sql/string_functions
0x271581c	https://cloud.google.com/bigquery/docs/reference/standard-sql/time_functions
0x271581c	https://cloud.google.com/bigquery/docs/reference/standard-sql/timestamp_functions
0x271581c	https://cloud.google.com/bigquery/docs/reference/standard-sql/uuid_functions
0x271581c	https://www.ibm.com/docs/en/db2-for-zos/11?topic=functions-aggregate
0x271581c	https://www.ibm.com/docs/en/db2-for-zos/11?topic=functions-row
0x271581c	https://www.ibm.com/docs/en/db2-for-zos/11?topic=functions-scalar
0x271581c	https://www.ibm.com/docs/en/db2-for-zos/11?topic=functions-table
0x271581c	https://www.ibm.com/docs/en/db2-for-zos/11?topic=statements-list-supported
0x271581c	https://www.ibm.com/docs/en/db2-for-zos/11?topic=words-reserved#db2z_reservedwords__newresword
0x271581c	https://www.ibm.com/docs/en/db2-for-zos/12?topic=expressions-olap-specification
0x271581c	https://www.ibm.com/support/knowledgecenter/en/ssw_ibm_i_72/db2/rbafzintro.htm
0x2720474	http://docs.couchbase.com.s3-website-us-west-1.amazonaws.com/server/6.0/n1ql/n1ql-language-reference/index.html
0x2720474	http://spark.apache.org/docs/latest/api/sql/index.html
0x2720474	http://spark.apache.org/docs/latest/sql-programming-guide.html
0x2720474	http://spark.apache.org/docs/latest/sql-ref-functions-builtin.html#aggregate-functions
0x2720474	http://spark.apache.org/docs/latest/sql-ref-functions-builtin.html#array-functions
0x2720474	http://spark.apache.org/docs/latest/sql-ref-functions-builtin.html#date-and-timestamp-functions
0x2720474	http://spark.apache.org/docs/latest/sql-ref-functions-builtin.html#json-functions
0x2720474	http://spark.apache.org/docs/latest/sql-ref-functions-builtin.html#map-functions
0x2720474	http://spark.apache.org/docs/latest/sql-ref-functions-builtin.html#window-functions
0x2720474	http://spark.apache.org/docs/latest/sql-ref-functions.html
0x2720474	http://spark.apache.org/docs/latest/sql-ref-syntax.html
0x2720474	https://cwiki.apache.org/confluence/display/Hive/LanguageManual
0x2720474	https://cwiki.apache.org/confluence/display/Hive/LanguageManual+DML#LanguageManualDML-Loadingfilesintotables
0x2720474	https://cwiki.apache.org/confluence/display/Hive/LanguageManual+DML#LanguageManualDML-Writingdataintothefilesystemfromqueries
0x2720474	https://cwiki.apache.org/confluence/display/Hive/LanguageManual+UDF
0x2720474	https://cwiki.apache.org/confluence/display/Hive/LanguageManual+WindowingAndAnalytics
0x2720474	https://cwiki.apache.org/confluence/display/hive/languagemanual+ddl
0x2720474	https://cwiki.apache.org/confluence/pages/viewpage.action?pageId=82706456
0x2720474	https://deepkb.com/CO_000013/en/kb/IMPORT-fbfa59f0-2bf1-31fe-bb7b-0f9efe9932c6/spark-sql-keywords
0x2720474	https://dev.mysql.com/doc/refman/8.0/en/
0x2720474	https://dev.mysql.com/doc/refman/8.0/en/built-in-function-reference.html
0x2720474	https://dev.mysql.com/doc/refman/8.0/en/data-types.html
0x2720474	https://dev.mysql.com/doc/refman/8.0/en/keywords.html
0x2720474	https://dev.mysql.com/doc/refman/8.0/en/sql-statements.html
0x2720474	https://docs.aws.amazon.com/redshift/latest/dg/Date_functions_header.html
0x2720474	https://docs.aws.amazon.com/redshift/latest/dg/Math_functions.html
0x2720474	https://docs.aws.amazon.com/redshift/latest/dg/String_functions_header.html
0x2720474	https://docs.aws.amazon.com/redshift/latest/dg/c_Aggregate_Functions.html
0x2720474	https://docs.aws.amazon.com/redshift/latest/dg/c_Array_Functions.html
0x2720474	https://docs.aws.amazon.com/redshift/latest/dg/c_Compression_encodings.html
0x2720474	https://docs.aws.amazon.com/redshift/latest/dg/c_SQL_commands.html
0x2720474	https://docs.aws.amazon.com/redshift/latest/dg/c_Type_Info_Functions.html
0x2720474	https://docs.aws.amazon.com/redshift/latest/dg/c_Window_functions.html
0x2720474	https://docs.aws.amazon.com/redshift/latest/dg/c_bitwise_aggregate_functions.html
0x2720474	https://docs.aws.amazon.com/redshift/latest/dg/c_choosing_dist_sort.html
0x2720474	https://docs.aws.amazon.com/redshift/latest/dg/c_conditional_expressions.html
0x2720474	https://docs.aws.amazon.com/redshift/latest/dg/c_intro_STL_tables.html
0x2720474	https://docs.aws.amazon.com/redshift/latest/dg/cm_chap_SQLCommandRef.html
0x2720474	https://docs.aws.amazon.com/redshift/latest/dg/copy-parameters-authorization.html
0x2720474	https://docs.aws.amazon.com/redshift/latest/dg/copy-parameters-data-conversion.html
0x2720474	https://docs.aws.amazon.com/redshift/latest/dg/copy-parameters-data-format.html
0x2720474	https://docs.aws.amazon.com/redshift/latest/dg/copy-parameters-data-load.html
0x2720474	https://docs.aws.amazon.com/redshift/latest/dg/copy-parameters-file-compression.html
0x2720474	https://docs.aws.amazon.com/redshift/latest/dg/geospatial-functions.html
0x2720474	https://docs.aws.amazon.com/redshift/latest/dg/hash-functions.html
0x2720474	https://docs.aws.amazon.com/redshift/latest/dg/hyperloglog-functions.html
0x2720474	https://docs.aws.amazon.com/redshift/latest/dg/json-functions.html
0x2720474	https://docs.aws.amazon.com/redshift/latest/dg/ml-function.html
0x2720474	https://docs.aws.amazon.com/redshift/latest/dg/r_ANALYZE.html
0x2720474	https://docs.aws.amazon.com/redshift/latest/dg/r_COPY-alphabetical-parm-list.html
0x2720474	https://docs.aws.amazon.com/redshift/latest/dg/r_CREATE_EXTERNAL_SCHEMA.html
0x2720474	https://docs.aws.amazon.com/redshift/latest/dg/r_Character_types.html#r_Character_types-text-and-bpchar-types
0x2720474	https://docs.aws.amazon.com/redshift/latest/dg/r_Data_type_formatting.html
0x2720474	https://docs.aws.amazon.com/redshift/latest/dg/r_System_administration_functions.html
0x2720474	https://docs.aws.amazon.com/redshift/latest/dg/r_System_information_functions.html
0x2720474	https://docs.aws.amazon.com/redshift/latest/dg/r_pg_keywords.html
0x2720474	https://docs.aws.amazon.com/redshift/latest/dg/svcs_views.html
0x2720474	https://docs.aws.amazon.com/redshift/latest/dg/svl_views.html
0x2720474	https://docs.aws.amazon.com/redshift/latest/dg/svv_views.html
0x2720474	https://docs.couchbase.com/server/current/analytics/3_query.html#Vs_SQL-92
0x2720474	https://docs.couchbase.com/server/current/n1ql/n1ql-language-reference/functions.html
0x2720474	https://docs.couchbase.com/server/current/n1ql/n1ql-language-reference/reservedwords.html
0x2720474	https://docs.microsoft.com/en-us/sql/t-sql/data-types/data-types-transact-sql?view=sql-server-ver15
0x2720474	https://docs.microsoft.com/en-us/sql/t-sql/functions/functions?view=sql-server-ver15
0x2720474	https://docs.microsoft.com/en-us/sql/t-sql/language-elements/reserved-keywords-transact-sql?view=sql-server-ver15
0x2720474	https://docs.microsoft.com/en-us/sql/t-sql/language-reference?view=sql-server-ver15
0x2720474	https://docs.microsoft.com/en-us/sql/t-sql/statements/statements?view=sql-server-ver15
0x2720474	https://docs.oracle.com/cd/B19306_01/appdev.102/b14261/reservewords.htm
0x2720474	https://docs.oracle.com/cd/B19306_01/server.102/b14200/functions001.htm
0x2720474	https://docs.oracle.com/en/database/oracle/oracle-database/19/sqlrf/Data-Types.html
0x2720474	https://docs.singlestore.com/managed-service/en/reference/sql-reference.html
0x2720474	https://docs.singlestore.com/managed-service/en/reference/sql-reference/aggregate-functions/aggregate-functions.html
0x2720474	https://docs.singlestore.com/managed-service/en/reference/sql-reference/conditional-functions/conditional-functions.html
0x2720474	https://docs.singlestore.com/managed-service/en/reference/sql-reference/data-types.html
0x2720474	https://docs.singlestore.com/managed-service/en/reference/sql-reference/date-and-time-functions/date-and-time-functions.html
0x2720474	https://docs.singlestore.com/managed-service/en/reference/sql-reference/distinct-count-estimation-functions.html
0x2720474	https://docs.singlestore.com/managed-service/en/reference/sql-reference/full-text-search-functions/full-text-search-functions.html
0x2720474	https://docs.singlestore.com/managed-service/en/reference/sql-reference/geospatial-functions/geospatial-functions.html
0x2720474	https://docs.singlestore.com/managed-service/en/reference/sql-reference/identifier-generation-functions.html
0x2720474	https://docs.singlestore.com/managed-service/en/reference/sql-reference/information-functions/information-functions.html
0x2720474	https://docs.singlestore.com/managed-service/en/reference/sql-reference/json-functions/json-functions.html
0x2720474	https://docs.singlestore.com/managed-service/en/reference/sql-reference/numeric-functions/numeric-functions.html
0x2720474	https://docs.singlestore.com/managed-service/en/reference/sql-reference/regular-expression-functions.html
0x2720474	https://docs.singlestore.com/managed-service/en/reference/sql-reference/restricted-keywords/list-of-restricted-keywords.html
0x2720474	https://docs.singlestore.com/managed-service/en/reference/sql-reference/string-functions/string-functions.html
0x2720474	https://docs.singlestore.com/managed-service/en/reference/sql-reference/time-series-functions/time-series-functions.html
0x2720474	https://docs.singlestore.com/managed-service/en/reference/sql-reference/vector-functions/vector-functions.html
0x2720474	https://docs.singlestore.com/managed-service/en/reference/sql-reference/window-functions/window-functions.html
0x2720474	https://docs.snowflake.com/en/sql-reference-functions.html
0x2720474	https://docs.snowflake.com/en/sql-reference/functions-all.html
0x2720474	https://github.com/trinodb/trino/blob/432d2897bdef99388c1a47188743a061c4ac1f34/core/trino-main/src/main/java/io/trino/metadata/TypeRegistry.java#L131-L168
0x2720474	https://github.com/trinodb/trino/blob/432d2897bdef99388c1a47188743a061c4ac1f34/core/trino-parser/src/main/antlr4/io/trino/sql/parser/SqlBase.g4#L231-L235
0x2720474	https://github.com/trinodb/trino/blob/432d2897bdef99388c1a47188743a061c4ac1f34/core/trino-parser/src/main/antlr4/io/trino/sql/parser/SqlBase.g4#L288-L291
0x2720474	https://github.com/trinodb/trino/blob/432d2897bdef99388c1a47188743a061c4ac1f34/core/trino-parser/src/main/antlr4/io/trino/sql/parser/SqlBase.g4#L299-L313
0x2720474	https://github.com/trinodb/trino/blob/432d2897bdef99388c1a47188743a061c4ac1f34/core/trino-parser/src/main/antlr4/io/trino/sql/parser/SqlBase.g4#L41
0x2720474	https://github.com/trinodb/trino/blob/432d2897bdef99388c1a47188743a061c4ac1f34/core/trino-parser/src/main/antlr4/io/trino/sql/parser/SqlBase.g4#L858-L1128
0x2720474	https://github.com/trinodb/trino/tree/432d2897bdef99388c1a47188743a061c4ac1f34/docs/src/main/sphinx/functions
0x2720474	https://jakewheat.github.io/sql-overview/sql-2008-foundation-grammar.html#_10_9_aggregate_function
0x2720474	https://jakewheat.github.io/sql-overview/sql-2008-foundation-grammar.html#_6_10_window_function
0x2720474	https://jakewheat.github.io/sql-overview/sql-2008-foundation-grammar.html#_6_27_numeric_value_function
0x2720474	https://jakewheat.github.io/sql-overview/sql-2008-foundation-grammar.html#_6_29_string_value_function
0x2720474	https://jakewheat.github.io/sql-overview/sql-2008-foundation-grammar.html#_6_31_datetime_value_function
0x2720474	https://jakewheat.github.io/sql-overview/sql-2008-foundation-grammar.html#_6_38_multiset_value_function
0x2720474	https://jakewheat.github.io/sql-overview/sql-2008-foundation-grammar.html#_6_9_set_function_specification
0x2720474	https://jakewheat.github.io/sql-overview/sql-2008-foundation-grammar.html#predefined-type
0x2720474	https://jakewheat.github.io/sql-overview/sql-2008-foundation-grammar.html#reserved-word
0x2720474	https://mariadb.com/docs/reference/mdb/sql-statements/
0x2720474	https://mariadb.com/kb/en/data-types/
0x2720474	https://mariadb.com/kb/en/information-schema-keywords-table/
0x2720474	https://mariadb.com/kb/en/information-schema-sql_functions-table/
0x2720474	https://mariadb.com/kb/en/sql-statements-structure/
0x2720474	https://spark.apache.org/docs/latest/sql-ref-datatypes.html
0x2720474	https://spark.apache.org/docs/latest/sql-ref-syntax-dml-insert-overwrite-directory.html
0x2720474	https://spark.apache.org/docs/latest/sql-ref-syntax-dml-load.html
0x2720474	https://trino.io/docs/current/language/reserved.html
0x2720474	https://trino.io/docs/current/language/types.html
0x2720474	https://trino.io/docs/current/language/types.html#string
0x2720474	https://trino.io/docs/current/language/types.html#varbinary
0x2720474	https://trino.io/docs/current/sql/match-recognize.html#row-pattern-recognition-expressions
0x2720474	https://trino.io/docs/current/sql/match-recognize.html#row-pattern-syntax
0x2720474	https://www.postgresql.org/docs/14/functions-admin.html
0x2720474	https://www.postgresql.org/docs/14/functions-aggregate.html
0x2720474	https://www.postgresql.org/docs/14/functions-array.html
0x2720474	https://www.postgresql.org/docs/14/functions-binarystring.html
0x2720474	https://www.postgresql.org/docs/14/functions-bitstring.html
0x2720474	https://www.postgresql.org/docs/14/functions-conditional.html
0x2720474	https://www.postgresql.org/docs/14/functions-datetime.html
0x2720474	https://www.postgresql.org/docs/14/functions-enum.html
0x2720474	https://www.postgresql.org/docs/14/functions-event-triggers.html
0x2720474	https://www.postgresql.org/docs/14/functions-formatting.html
0x2720474	https://www.postgresql.org/docs/14/functions-geometry.html
0x2720474	https://www.postgresql.org/docs/14/functions-info.html
0x2720474	https://www.postgresql.org/docs/14/functions-json.html
0x2720474	https://www.postgresql.org/docs/14/functions-matching.html
0x2720474	https://www.postgresql.org/docs/14/functions-math.html
0x2720474	https://www.postgresql.org/docs/14/functions-net.html
0x2720474	https://www.postgresql.org/docs/14/functions-range.html
0x2720474	https://www.postgresql.org/docs/14/functions-sequence.html
0x2720474	https://www.postgresql.org/docs/14/functions-srf.html
0x2720474	https://www.postgresql.org/docs/14/functions-statistics.html
0x2720474	https://www.postgresql.org/docs/14/functions-string.html
0x2720474	https://www.postgresql.org/docs/14/functions-textsearch.html
0x2720474	https://www.postgresql.org/docs/14/functions-trigger.html
0x2720474	https://www.postgresql.org/docs/14/functions-uuid.html
0x2720474	https://www.postgresql.org/docs/14/functions-window.html
0x2720474	https://www.postgresql.org/docs/14/functions-xml.html
0x2720474	https://www.postgresql.org/docs/14/functions.html
0x2720474	https://www.postgresql.org/docs/14/index.html
0x2720474	https://www.postgresql.org/docs/14/sql-commands.html
0x2720474	https://www.postgresql.org/docs/14/sql-keywords-appendix.html
0x2720474	https://www.postgresql.org/docs/current/datatype-datetime.html
0x2720474	https://www.postgresql.org/docs/current/datatype.html
0x2720474	https://www.sqlite.org/datatype3.html
0x2720474	https://www.sqlite.org/json1.html
0x2720474	https://www.sqlite.org/lang_aggfunc.html
0x2720474	https://www.sqlite.org/lang_corefunc.html
0x2720474	https://www.sqlite.org/lang_datefunc.html
0x2720474	https://www.sqlite.org/lang_expr.html#parameters
0x2720474	https://www.sqlite.org/lang_keywords.html
0x2720474	https://www.sqlite.org/lang_mathfunc.html
0x2720474	https://www.sqlite.org/syntax/join-operator.html
0x2720474	https://www.sqlite.org/windowfunctions.html#biwinfunc
0x275d5e3	https://docs.snowflake.com/en/sql-reference/reserved-keywords.html
0x275d5e3	https://docs.snowflake.com/en/sql-reference/sql-all.html
0x2760562	http://a@b/c@d
0x2760562	http://a@b?@c
0x2760562	http://a@b@c/
0x2760562	http://example.org:foo
0x2760562	http://foo.com
0x2760562	http://foo?bar
0x2760562	http://github.com/Hardmath123/nearley
0x2760562	http://mathiasbynens.be/notes/javascript-encoding#surrogate-formulae
0x2760562	http://spec.commonmark.org/0.15/#ascii-punctuation-character
0x2760562	https://docs.snowflake.com/en/sql-reference/functions/generator.html#generator
0x2760562	https://github.com/mathiasbynens/he/blob/36afe179392226cf1b6ccdb16ebbb7a5a844d93a/src/he.js#L106-L134
0x2760562	https://html.spec.whatwg.org/multipage/parsing.html#escapingString
0x2760562	https://html.spec.whatwg.org/multipage/parsing.html#named-character-reference-state
0x2760562	https://nodejs.org/api/packages.html#packages_writing_dual_packages_while_avoiding_or_minimizing_hazards
0x279d243	https://github.com/markdown-it/markdown-it/blob/master/lib/renderer.mjs
0x279d243	https://spec.commonmark.org/0.29/#line-ending
0x27a60ef	http://serverfault.com/questions/638260/
0x27a60ef	http://test1
0x27a60ef	https://example.org/
0x27a60ef	https://github.com/commonmark/cmark/commit/34250e12ccebdc6372b8b49c44fab57c72443460
0x27a60ef	https://github.com/commonmark/cmark/issues/178#issuecomment-270417442
0x27a60ef	https://github.com/markdown-it/markdown-it/issues/1000
0x27a60ef	https://github.github.com/gfm/#tables-extension-
0x27a60ef	https://spec.commonmark.org/0.30/#html-blocks
0x27c5256	https://github.com/markdown-it/linkify-it/issues/1
0x27c5256	https://mathiasbynens.be/notes/javascript-encoding
0x27c5256	https://tools.ietf.org/html/rfc3492#section-3.4
0x27c9c39	http://commonmark.org/
0x27c9c39	http://host/
0x27c9c39	https://github.com/markdown-it/markdown-it/blob/master/lib/presets/commonmark.mjs
0x27c9c39	https://github.com/markdown-it/markdown-it/blob/master/lib/presets/default.mjs
0x27c9c39	https://github.com/markdown-it/markdown-it/blob/master/lib/presets/zero.mjs
0x27c9c39	https://github.com/markdown-it/markdown-it/blob/master/lib/rules_core/replacements.mjs
0x27c9c39	https://github.com/markdown-it/markdown-it/issues/720
0x27c9c39	https://host/
0x27cb77b	https://github.com/markdown-it/linkify-it
0x27cb77b	https://github.com/markdown-it/markdown-it/blob/master/lib/common/utils.mjs
0x27cb77b	https://github.com/markdown-it/markdown-it/blob/master/lib/helpers
0x27cb77b	https://github.com/markdown-it/markdown-it/blob/master/lib/rules_core/linkify.mjs
0x27cb77b	https://github.com/markdown-it/markdown-it/tree/master/lib/presets
0x27cb77b	https://highlightjs.org/
0x36f23b2	http://dictionaryperceptionrevolutionfoundationpx;height:successfulsupportersmillenniumhis
0x36f44c0	http://mathematicsmargin-top:eventually
0x36f47fa	http://Descriptionrelatively
0x36f70b4	http://applicationslink
0x36f7954	http://navigation
0x36f7bf5	http://px
0x36f850c	http://www.years
0x36fa5a1	http://interested
0x36faba4	http://familiar
0x36fbcc7	https://was
0x36fbee8	https://aIn
0x36fc30a	http://whether
0x36fce70	http://interpreted
0x36fe680	http://
0x36fe740	http://addEventListenerresponsible
0x36fedc0	http://.jpg|right|thumb|.js
0x36fef79	http://according
0x36fefbe	http://www.interpretation
0x36ff784	http://html4/loose.dtd
0x36ff784	http://s;text-align:centerfont-weight:
0x36ff90f	http://An
0x36ff90f	http://In
0x36ff90f	http://staticsuggested
0x36ff90f	http://style=
0x36ff90f	http://www.a
0x36ff90f	https://www.recent
0x3700840	http://cript
0x3700840	http://www./div
0x370095e	http://www.wencodeURIComponent(
0x3700a4d	http://encoding=
0x3700aa0	http://www.icon
0x3700c01	http://imEnglish
0x3700d00	http://i
0x3700f6b	http://site_name
0x3700f6b	http://www
0x37012c9	http://www.hortcut
0x37016f6	http://iparticipation
0x3701bc0	http://www.w3.org/shortcut
0x3701c9c	http://link
0x3701c9c	http://xt/css
0x3701cfd	http://www.text-decoration:underthe
0x3701df8	http://option
0x3701e77	http://w
0x3702152	http://.css
0x3702152	http://www.style=
0x3702472	http://www.css
0x37024fe	http://ator
0x37024fe	http://www.language=
0x3702680	http://UA-Compatible
0x3702680	http://www-//W3C//DTD
0x370290a	http://www.C//DTD
